No.,Time,Source,Destination,Protocol,Length
1,2025-04-10 15:19:11.417217,192.168.29.73,52.178.17.233,TCP,54
2,2025-04-10 15:19:11.556284,20.189.173.5,192.168.29.73,TCP,1514
3,2025-04-10 15:19:11.556284,20.189.173.5,192.168.29.73,TCP,1514
4,2025-04-10 15:19:11.556284,20.189.173.5,192.168.29.73,TCP,1514
5,2025-04-10 15:19:11.556284,20.189.173.5,192.168.29.73,TCP,205
6,2025-04-10 15:19:11.556336,192.168.29.73,20.189.173.5,TCP,54
7,2025-04-10 15:19:11.558694,192.168.29.73,20.189.173.5,TCP,1494
8,2025-04-10 15:19:11.558694,192.168.29.73,20.189.173.5,TCP,1494
9,2025-04-10 15:19:11.558694,192.168.29.73,20.189.173.5,TCP,1494
10,2025-04-10 15:19:11.558694,192.168.29.73,20.189.173.5,TCP,735
11,2025-04-10 15:19:11.571535,52.178.17.233,192.168.29.73,TCP,334
12,2025-04-10 15:19:11.618226,192.168.29.73,52.178.17.233,TCP,54
13,2025-04-10 15:19:11.841874,20.189.173.5,192.168.29.73,TCP,54
14,2025-04-10 15:19:11.841874,20.189.173.5,192.168.29.73,TCP,54
15,2025-04-10 15:19:11.883148,20.189.173.5,192.168.29.73,TCP,157
16,2025-04-10 15:19:11.923790,192.168.29.73,20.189.173.5,TCP,54
17,2025-04-10 15:19:12.019712,20.189.173.5,192.168.29.73,TCP,518
18,2025-04-10 15:19:12.019767,192.168.29.73,20.189.173.5,TCP,54
19,2025-04-10 15:19:12.020175,192.168.29.73,20.189.173.5,TCP,78
20,2025-04-10 15:19:12.020276,192.168.29.73,20.189.173.5,TCP,54
21,2025-04-10 15:19:12.298747,20.189.173.5,192.168.29.73,TCP,54
22,2025-04-10 15:19:13.143703,192.168.29.73,35.174.127.31,TCP,295
23,2025-04-10 15:19:13.373996,192.168.29.73,52.178.17.233,TCP,54
24,2025-04-10 15:19:13.514026,35.174.127.31,192.168.29.73,TCP,317
25,2025-04-10 15:19:13.563343,192.168.29.73,35.174.127.31,TCP,54
26,2025-04-10 15:19:13.582421,52.178.17.233,192.168.29.73,TCP,54
27,2025-04-10 15:19:13.582456,192.168.29.73,52.178.17.233,TCP,54
28,2025-04-10 15:19:13.586395,N/A,N/A,TCP,86
29,2025-04-10 15:19:13.590260,N/A,N/A,TCP,86
30,2025-04-10 15:19:13.590321,N/A,N/A,TCP,74
31,2025-04-10 15:19:13.590780,N/A,N/A,TCP,1418
32,2025-04-10 15:19:13.590780,N/A,N/A,TCP,782
33,2025-04-10 15:19:13.598854,N/A,N/A,TCP,344
34,2025-04-10 15:19:13.599307,N/A,N/A,TCP,154
35,2025-04-10 15:19:13.599562,N/A,N/A,TCP,883
36,2025-04-10 15:19:13.606593,N/A,N/A,TCP,74
37,2025-04-10 15:19:13.606593,N/A,N/A,TCP,74
38,2025-04-10 15:19:13.611231,N/A,N/A,TCP,377
39,2025-04-10 15:19:13.663643,N/A,N/A,TCP,74
40,2025-04-10 15:19:13.680422,N/A,N/A,TCP,1514
41,2025-04-10 15:19:13.680422,N/A,N/A,TCP,1514
42,2025-04-10 15:19:13.680422,N/A,N/A,TCP,1514
43,2025-04-10 15:19:13.680422,N/A,N/A,TCP,1514
44,2025-04-10 15:19:13.680422,N/A,N/A,TCP,1514
45,2025-04-10 15:19:13.680469,N/A,N/A,TCP,74
46,2025-04-10 15:19:13.682557,N/A,N/A,TCP,8714
47,2025-04-10 15:19:13.682557,N/A,N/A,TCP,640
48,2025-04-10 15:19:13.682557,N/A,N/A,TCP,13034
49,2025-04-10 15:19:13.682617,N/A,N/A,TCP,74
50,2025-04-10 15:19:13.682706,N/A,N/A,TCP,2954
51,2025-04-10 15:19:13.682706,N/A,N/A,TCP,640
52,2025-04-10 15:19:13.682706,N/A,N/A,TCP,18794
53,2025-04-10 15:19:13.682706,N/A,N/A,TCP,1032
54,2025-04-10 15:19:13.682706,N/A,N/A,TCP,1514
55,2025-04-10 15:19:13.682740,N/A,N/A,TCP,74
56,2025-04-10 15:19:13.682862,N/A,N/A,TCP,5834
57,2025-04-10 15:19:13.682875,N/A,N/A,TCP,74
58,2025-04-10 15:19:13.682898,N/A,N/A,TCP,5834
59,2025-04-10 15:19:13.682905,N/A,N/A,TCP,74
60,2025-04-10 15:19:13.688725,N/A,N/A,TCP,1514
61,2025-04-10 15:19:13.688725,N/A,N/A,TCP,1514
62,2025-04-10 15:19:13.688759,N/A,N/A,TCP,74
63,2025-04-10 15:19:13.688932,N/A,N/A,TCP,4394
64,2025-04-10 15:19:13.688957,N/A,N/A,TCP,74
65,2025-04-10 15:19:13.689002,N/A,N/A,TCP,7274
66,2025-04-10 15:19:13.689018,N/A,N/A,TCP,74
67,2025-04-10 15:19:13.690889,N/A,N/A,TCP,1514
68,2025-04-10 15:19:13.690889,N/A,N/A,TCP,1514
69,2025-04-10 15:19:13.690924,N/A,N/A,TCP,74
70,2025-04-10 15:19:13.690986,N/A,N/A,TCP,1514
71,2025-04-10 15:19:13.690986,N/A,N/A,TCP,1514
72,2025-04-10 15:19:13.690986,N/A,N/A,TCP,1514
73,2025-04-10 15:19:13.690986,N/A,N/A,TCP,1514
74,2025-04-10 15:19:13.691003,N/A,N/A,TCP,74
75,2025-04-10 15:19:13.691044,N/A,N/A,TCP,1514
76,2025-04-10 15:19:13.691044,N/A,N/A,TCP,1514
77,2025-04-10 15:19:13.691059,N/A,N/A,TCP,74
78,2025-04-10 15:19:13.691095,N/A,N/A,TCP,1514
79,2025-04-10 15:19:13.691095,N/A,N/A,TCP,1514
80,2025-04-10 15:19:13.691111,N/A,N/A,TCP,74
81,2025-04-10 15:19:13.691168,N/A,N/A,TCP,1514
82,2025-04-10 15:19:13.691168,N/A,N/A,TCP,1514
83,2025-04-10 15:19:13.691187,N/A,N/A,TCP,74
84,2025-04-10 15:19:13.691230,N/A,N/A,TCP,1514
85,2025-04-10 15:19:13.691230,N/A,N/A,TCP,1514
86,2025-04-10 15:19:13.691254,N/A,N/A,TCP,74
87,2025-04-10 15:19:13.691350,N/A,N/A,TCP,1514
88,2025-04-10 15:19:13.691350,N/A,N/A,TCP,1514
89,2025-04-10 15:19:13.691350,N/A,N/A,TCP,1514
90,2025-04-10 15:19:13.691372,N/A,N/A,TCP,74
91,2025-04-10 15:19:13.691500,N/A,N/A,TCP,5834
92,2025-04-10 15:19:13.691521,N/A,N/A,TCP,74
93,2025-04-10 15:19:13.691567,N/A,N/A,TCP,2954
94,2025-04-10 15:19:13.691586,N/A,N/A,TCP,74
95,2025-04-10 15:19:13.696227,N/A,N/A,TCP,5834
96,2025-04-10 15:19:13.696278,N/A,N/A,TCP,74
97,2025-04-10 15:19:13.696349,N/A,N/A,TCP,36074
98,2025-04-10 15:19:13.696393,N/A,N/A,TCP,74
99,2025-04-10 15:19:13.696540,N/A,N/A,TCP,1514
100,2025-04-10 15:19:13.696540,N/A,N/A,TCP,1514
101,2025-04-10 15:19:13.696540,N/A,N/A,TCP,1514
102,2025-04-10 15:19:13.696540,N/A,N/A,TCP,1514
103,2025-04-10 15:19:13.696571,N/A,N/A,TCP,74
104,2025-04-10 15:19:13.696663,N/A,N/A,TCP,1514
105,2025-04-10 15:19:13.696663,N/A,N/A,TCP,1514
106,2025-04-10 15:19:13.696663,N/A,N/A,TCP,1514
107,2025-04-10 15:19:13.696663,N/A,N/A,TCP,1514
108,2025-04-10 15:19:13.696663,N/A,N/A,TCP,1514
109,2025-04-10 15:19:13.696663,N/A,N/A,TCP,1514
110,2025-04-10 15:19:13.696663,N/A,N/A,TCP,1514
111,2025-04-10 15:19:13.696663,N/A,N/A,TCP,1514
112,2025-04-10 15:19:13.696663,N/A,N/A,TCP,1514
113,2025-04-10 15:19:13.696663,N/A,N/A,TCP,1514
114,2025-04-10 15:19:13.696663,N/A,N/A,TCP,1514
115,2025-04-10 15:19:13.696663,N/A,N/A,TCP,1514
116,2025-04-10 15:19:13.696663,N/A,N/A,TCP,1514
117,2025-04-10 15:19:13.696663,N/A,N/A,TCP,1514
118,2025-04-10 15:19:13.696737,N/A,N/A,TCP,74
119,2025-04-10 15:19:13.696800,N/A,N/A,TCP,1514
120,2025-04-10 15:19:13.696800,N/A,N/A,TCP,1514
121,2025-04-10 15:19:13.696800,N/A,N/A,TCP,1514
122,2025-04-10 15:19:13.696800,N/A,N/A,TCP,1514
123,2025-04-10 15:19:13.696800,N/A,N/A,TCP,1514
124,2025-04-10 15:19:13.696800,N/A,N/A,TCP,1514
125,2025-04-10 15:19:13.696800,N/A,N/A,TCP,1514
126,2025-04-10 15:19:13.696800,N/A,N/A,TCP,1514
127,2025-04-10 15:19:13.696800,N/A,N/A,TCP,1514
128,2025-04-10 15:19:13.696800,N/A,N/A,TCP,1514
129,2025-04-10 15:19:13.696800,N/A,N/A,TCP,1514
130,2025-04-10 15:19:13.696800,N/A,N/A,TCP,618
131,2025-04-10 15:19:13.696800,N/A,N/A,TCP,5834
132,2025-04-10 15:19:13.696861,N/A,N/A,TCP,74
133,2025-04-10 15:19:13.696907,N/A,N/A,TCP,1514
134,2025-04-10 15:19:13.696907,N/A,N/A,TCP,1514
135,2025-04-10 15:19:13.696907,N/A,N/A,TCP,1514
136,2025-04-10 15:19:13.696907,N/A,N/A,TCP,1514
137,2025-04-10 15:19:13.696934,N/A,N/A,TCP,74
138,2025-04-10 15:19:13.697154,N/A,N/A,TCP,1514
139,2025-04-10 15:19:13.697154,N/A,N/A,TCP,1514
140,2025-04-10 15:19:13.697172,N/A,N/A,TCP,74
141,2025-04-10 15:19:13.704799,N/A,N/A,TCP,1514
142,2025-04-10 15:19:13.704799,N/A,N/A,TCP,1514
143,2025-04-10 15:19:13.704799,N/A,N/A,TCP,1514
144,2025-04-10 15:19:13.704848,N/A,N/A,TCP,74
145,2025-04-10 15:19:13.704954,N/A,N/A,TCP,1514
146,2025-04-10 15:19:13.704954,N/A,N/A,TCP,1514
147,2025-04-10 15:19:13.704954,N/A,N/A,TCP,1514
148,2025-04-10 15:19:13.704954,N/A,N/A,TCP,5834
149,2025-04-10 15:19:13.704954,N/A,N/A,TCP,1514
150,2025-04-10 15:19:13.704954,N/A,N/A,TCP,1514
151,2025-04-10 15:19:13.704954,N/A,N/A,TCP,1514
152,2025-04-10 15:19:13.704954,N/A,N/A,TCP,1514
153,2025-04-10 15:19:13.704954,N/A,N/A,TCP,1514
154,2025-04-10 15:19:13.704954,N/A,N/A,TCP,1514
155,2025-04-10 15:19:13.704954,N/A,N/A,TCP,1514
156,2025-04-10 15:19:13.704954,N/A,N/A,TCP,1514
157,2025-04-10 15:19:13.704954,N/A,N/A,TCP,1514
158,2025-04-10 15:19:13.704954,N/A,N/A,TCP,1514
159,2025-04-10 15:19:13.705041,N/A,N/A,TCP,74
160,2025-04-10 15:19:13.705118,N/A,N/A,TCP,1514
161,2025-04-10 15:19:13.705118,N/A,N/A,TCP,1514
162,2025-04-10 15:19:13.705118,N/A,N/A,TCP,1514
163,2025-04-10 15:19:13.705118,N/A,N/A,TCP,1514
164,2025-04-10 15:19:13.705118,N/A,N/A,TCP,1514
165,2025-04-10 15:19:13.705118,N/A,N/A,TCP,1514
166,2025-04-10 15:19:13.705118,N/A,N/A,TCP,1514
167,2025-04-10 15:19:13.705118,N/A,N/A,TCP,18794
168,2025-04-10 15:19:13.705169,N/A,N/A,TCP,74
169,2025-04-10 15:19:13.705287,N/A,N/A,TCP,1514
170,2025-04-10 15:19:13.705287,N/A,N/A,TCP,1514
171,2025-04-10 15:19:13.705287,N/A,N/A,TCP,1514
172,2025-04-10 15:19:13.705287,N/A,N/A,TCP,1514
173,2025-04-10 15:19:13.705315,N/A,N/A,TCP,74
174,2025-04-10 15:19:13.705354,N/A,N/A,TCP,1514
175,2025-04-10 15:19:13.705354,N/A,N/A,TCP,1514
176,2025-04-10 15:19:13.705354,N/A,N/A,TCP,1514
177,2025-04-10 15:19:13.705354,N/A,N/A,TCP,1514
178,2025-04-10 15:19:13.705354,N/A,N/A,TCP,1514
179,2025-04-10 15:19:13.705354,N/A,N/A,TCP,1514
180,2025-04-10 15:19:13.705354,N/A,N/A,TCP,1514
181,2025-04-10 15:19:13.705354,N/A,N/A,TCP,1514
182,2025-04-10 15:19:13.705354,N/A,N/A,TCP,1514
183,2025-04-10 15:19:13.705354,N/A,N/A,TCP,1514
184,2025-04-10 15:19:13.705354,N/A,N/A,TCP,1514
185,2025-04-10 15:19:13.705354,N/A,N/A,TCP,1514
186,2025-04-10 15:19:13.705354,N/A,N/A,TCP,1514
187,2025-04-10 15:19:13.705354,N/A,N/A,TCP,1514
188,2025-04-10 15:19:13.705406,N/A,N/A,TCP,74
189,2025-04-10 15:19:13.705547,N/A,N/A,TCP,1514
190,2025-04-10 15:19:13.705547,N/A,N/A,TCP,1514
191,2025-04-10 15:19:13.705547,N/A,N/A,TCP,1514
192,2025-04-10 15:19:13.705547,N/A,N/A,TCP,1514
193,2025-04-10 15:19:13.705582,N/A,N/A,TCP,74
194,2025-04-10 15:19:13.705636,N/A,N/A,TCP,1514
195,2025-04-10 15:19:13.705636,N/A,N/A,TCP,1514
196,2025-04-10 15:19:13.705636,N/A,N/A,TCP,1514
197,2025-04-10 15:19:13.705636,N/A,N/A,TCP,1514
198,2025-04-10 15:19:13.705636,N/A,N/A,TCP,1514
199,2025-04-10 15:19:13.705636,N/A,N/A,TCP,1514
200,2025-04-10 15:19:13.705659,N/A,N/A,TCP,74
201,2025-04-10 15:19:13.705801,N/A,N/A,TCP,1514
202,2025-04-10 15:19:13.705801,N/A,N/A,TCP,1514
203,2025-04-10 15:19:13.705818,N/A,N/A,TCP,74
204,2025-04-10 15:19:13.706349,N/A,N/A,TCP,1514
205,2025-04-10 15:19:13.706349,N/A,N/A,TCP,1514
206,2025-04-10 15:19:13.706387,N/A,N/A,TCP,74
207,2025-04-10 15:19:13.706438,N/A,N/A,TCP,1514
208,2025-04-10 15:19:13.706438,N/A,N/A,TCP,1514
209,2025-04-10 15:19:13.706452,N/A,N/A,TCP,74
210,2025-04-10 15:19:13.706485,N/A,N/A,TCP,1514
211,2025-04-10 15:19:13.706485,N/A,N/A,TCP,1514
212,2025-04-10 15:19:13.706494,N/A,N/A,TCP,74
213,2025-04-10 15:19:13.706560,N/A,N/A,TCP,1514
214,2025-04-10 15:19:13.706560,N/A,N/A,TCP,1514
215,2025-04-10 15:19:13.706572,N/A,N/A,TCP,74
216,2025-04-10 15:19:13.706910,N/A,N/A,TCP,1514
217,2025-04-10 15:19:13.706910,N/A,N/A,TCP,1514
218,2025-04-10 15:19:13.706910,N/A,N/A,TCP,159
219,2025-04-10 15:19:13.706942,N/A,N/A,TCP,74
220,2025-04-10 15:19:14.154166,192.168.29.73,35.174.127.31,TCP,164
221,2025-04-10 15:19:14.194111,N/A,N/A,TCP,75
222,2025-04-10 15:19:14.202282,N/A,N/A,UDP,112
223,2025-04-10 15:19:14.202563,N/A,N/A,UDP,112
224,2025-04-10 15:19:14.202735,N/A,N/A,UDP,112
225,2025-04-10 15:19:14.205454,N/A,N/A,UDP,144
226,2025-04-10 15:19:14.209025,N/A,N/A,UDP,260
227,2025-04-10 15:19:14.209768,N/A,N/A,UDP,168
228,2025-04-10 15:19:14.210722,N/A,N/A,UDP,1292
229,2025-04-10 15:19:14.210805,N/A,N/A,UDP,1292
230,2025-04-10 15:19:14.271231,N/A,N/A,TCP,86
231,2025-04-10 15:19:14.288743,N/A,N/A,UDP,1262
232,2025-04-10 15:19:14.288743,N/A,N/A,UDP,1262
233,2025-04-10 15:19:14.288743,N/A,N/A,UDP,1262
234,2025-04-10 15:19:14.288743,N/A,N/A,UDP,599
235,2025-04-10 15:19:14.289171,N/A,N/A,UDP,113
236,2025-04-10 15:19:14.289825,N/A,N/A,UDP,236
237,2025-04-10 15:19:14.290032,N/A,N/A,UDP,510
238,2025-04-10 15:19:14.367975,N/A,N/A,UDP,1262
239,2025-04-10 15:19:14.367975,N/A,N/A,UDP,458
240,2025-04-10 15:19:14.368256,N/A,N/A,UDP,1292
241,2025-04-10 15:19:14.368409,N/A,N/A,UDP,105
242,2025-04-10 15:19:14.444336,N/A,N/A,UDP,91
243,2025-04-10 15:19:14.470052,N/A,N/A,UDP,106
244,2025-04-10 15:19:14.543611,35.174.127.31,192.168.29.73,TCP,54
245,2025-04-10 15:19:14.547531,N/A,N/A,UDP,86
246,2025-04-10 15:19:14.572817,N/A,N/A,UDP,106
247,2025-04-10 15:19:14.646782,N/A,N/A,UDP,111
248,2025-04-10 15:19:14.647011,N/A,N/A,UDP,109
249,2025-04-10 15:19:14.721260,N/A,N/A,UDP,90
250,2025-04-10 15:19:14.725444,N/A,N/A,UDP,815
251,2025-04-10 15:19:14.725815,N/A,N/A,UDP,105
252,2025-04-10 15:19:15.273305,N/A,N/A,,86
253,2025-04-10 15:19:15.275215,N/A,N/A,,78
254,2025-04-10 15:19:15.455280,N/A,N/A,,42
255,2025-04-10 15:19:15.455298,N/A,N/A,,42
256,2025-04-10 15:19:16.273034,192.168.29.73,224.0.0.22,,54
257,2025-04-10 15:19:16.472230,N/A,N/A,,42
258,2025-04-10 15:19:16.472253,N/A,N/A,,42
259,2025-04-10 15:19:17.173598,192.168.29.73,148.113.20.116,TCP,55
260,2025-04-10 15:19:17.215704,148.113.20.116,192.168.29.73,TCP,66
261,2025-04-10 15:19:18.904189,N/A,N/A,TCP,74
262,2025-04-10 15:19:18.909739,N/A,N/A,TCP,98
263,2025-04-10 15:19:18.909778,N/A,N/A,TCP,74
264,2025-04-10 15:19:18.910840,N/A,N/A,TCP,74
265,2025-04-10 15:19:19.778959,N/A,N/A,,42
266,2025-04-10 15:19:23.476696,N/A,N/A,TCP,86
267,2025-04-10 15:19:23.483750,N/A,N/A,TCP,86
268,2025-04-10 15:19:23.483809,N/A,N/A,TCP,74
269,2025-04-10 15:19:23.484424,N/A,N/A,TCP,1418
270,2025-04-10 15:19:23.484424,N/A,N/A,TCP,782
271,2025-04-10 15:19:23.492343,N/A,N/A,TCP,74
272,2025-04-10 15:19:23.493108,N/A,N/A,TCP,344
273,2025-04-10 15:19:23.493445,N/A,N/A,TCP,154
274,2025-04-10 15:19:23.493610,N/A,N/A,TCP,883
275,2025-04-10 15:19:23.500466,N/A,N/A,TCP,74
276,2025-04-10 15:19:23.500466,N/A,N/A,TCP,74
277,2025-04-10 15:19:23.500466,N/A,N/A,TCP,377
278,2025-04-10 15:19:23.553665,N/A,N/A,TCP,74
279,2025-04-10 15:19:23.558961,N/A,N/A,TCP,1514
280,2025-04-10 15:19:23.558961,N/A,N/A,TCP,1514
281,2025-04-10 15:19:23.558961,N/A,N/A,TCP,13034
282,2025-04-10 15:19:23.558961,N/A,N/A,TCP,640
283,2025-04-10 15:19:23.558961,N/A,N/A,TCP,11594
284,2025-04-10 15:19:23.559025,N/A,N/A,TCP,74
285,2025-04-10 15:19:23.559154,N/A,N/A,TCP,2954
286,2025-04-10 15:19:23.559189,N/A,N/A,TCP,74
287,2025-04-10 15:19:23.560449,N/A,N/A,TCP,1514
288,2025-04-10 15:19:23.560449,N/A,N/A,TCP,640
289,2025-04-10 15:19:23.560449,N/A,N/A,TCP,18794
290,2025-04-10 15:19:23.560449,N/A,N/A,TCP,1030
291,2025-04-10 15:19:23.560449,N/A,N/A,TCP,10154
292,2025-04-10 15:19:23.560514,N/A,N/A,TCP,74
293,2025-04-10 15:19:23.561833,N/A,N/A,TCP,1514
294,2025-04-10 15:19:23.561833,N/A,N/A,TCP,1514
295,2025-04-10 15:19:23.561865,N/A,N/A,TCP,74
296,2025-04-10 15:19:23.566031,N/A,N/A,TCP,1514
297,2025-04-10 15:19:23.566031,N/A,N/A,TCP,1514
298,2025-04-10 15:19:23.566031,N/A,N/A,TCP,1514
299,2025-04-10 15:19:23.566031,N/A,N/A,TCP,1514
300,2025-04-10 15:19:23.566031,N/A,N/A,TCP,1514
301,2025-04-10 15:19:23.566031,N/A,N/A,TCP,1514
302,2025-04-10 15:19:23.566071,N/A,N/A,TCP,74
303,2025-04-10 15:19:23.566139,N/A,N/A,TCP,5834
304,2025-04-10 15:19:23.566153,N/A,N/A,TCP,74
305,2025-04-10 15:19:23.566194,N/A,N/A,TCP,2954
306,2025-04-10 15:19:23.566209,N/A,N/A,TCP,74
307,2025-04-10 15:19:23.566235,N/A,N/A,TCP,2954
308,2025-04-10 15:19:23.566244,N/A,N/A,TCP,74
309,2025-04-10 15:19:23.566492,N/A,N/A,TCP,2954
310,2025-04-10 15:19:23.566515,N/A,N/A,TCP,74
311,2025-04-10 15:19:23.566560,N/A,N/A,TCP,5834
312,2025-04-10 15:19:23.566582,N/A,N/A,TCP,74
313,2025-04-10 15:19:23.566606,N/A,N/A,TCP,5834
314,2025-04-10 15:19:23.566615,N/A,N/A,TCP,74
315,2025-04-10 15:19:23.566835,N/A,N/A,TCP,2954
316,2025-04-10 15:19:23.566855,N/A,N/A,TCP,74
317,2025-04-10 15:19:23.567057,N/A,N/A,TCP,5834
318,2025-04-10 15:19:23.567073,N/A,N/A,TCP,74
319,2025-04-10 15:19:23.567758,N/A,N/A,TCP,1514
320,2025-04-10 15:19:23.567758,N/A,N/A,TCP,1514
321,2025-04-10 15:19:23.567758,N/A,N/A,TCP,1514
322,2025-04-10 15:19:23.567758,N/A,N/A,TCP,1514
323,2025-04-10 15:19:23.567784,N/A,N/A,TCP,74
324,2025-04-10 15:19:23.567819,N/A,N/A,TCP,1514
325,2025-04-10 15:19:23.567819,N/A,N/A,TCP,1514
326,2025-04-10 15:19:23.567827,N/A,N/A,TCP,74
327,2025-04-10 15:19:23.567892,N/A,N/A,TCP,1514
328,2025-04-10 15:19:23.567892,N/A,N/A,TCP,1514
329,2025-04-10 15:19:23.567909,N/A,N/A,TCP,74
330,2025-04-10 15:19:23.568117,N/A,N/A,TCP,1514
331,2025-04-10 15:19:23.568117,N/A,N/A,TCP,1514
332,2025-04-10 15:19:23.568117,N/A,N/A,TCP,1514
333,2025-04-10 15:19:23.568117,N/A,N/A,TCP,1514
334,2025-04-10 15:19:23.568142,N/A,N/A,TCP,74
335,2025-04-10 15:19:23.568170,N/A,N/A,TCP,1514
336,2025-04-10 15:19:23.568182,N/A,N/A,TCP,74
337,2025-04-10 15:19:23.568322,N/A,N/A,TCP,5834
338,2025-04-10 15:19:23.568340,N/A,N/A,TCP,74
339,2025-04-10 15:19:23.568371,N/A,N/A,TCP,2954
340,2025-04-10 15:19:23.568383,N/A,N/A,TCP,74
341,2025-04-10 15:19:23.568527,N/A,N/A,TCP,5834
342,2025-04-10 15:19:23.568541,N/A,N/A,TCP,74
343,2025-04-10 15:19:23.568576,N/A,N/A,TCP,2954
344,2025-04-10 15:19:23.568587,N/A,N/A,TCP,74
345,2025-04-10 15:19:23.568781,N/A,N/A,TCP,4394
346,2025-04-10 15:19:23.568798,N/A,N/A,TCP,74
347,2025-04-10 15:19:23.569256,N/A,N/A,TCP,1514
348,2025-04-10 15:19:23.569256,N/A,N/A,TCP,1514
349,2025-04-10 15:19:23.569282,N/A,N/A,TCP,74
350,2025-04-10 15:19:23.569322,N/A,N/A,TCP,1514
351,2025-04-10 15:19:23.569322,N/A,N/A,TCP,1514
352,2025-04-10 15:19:23.569322,N/A,N/A,TCP,1514
353,2025-04-10 15:19:23.569322,N/A,N/A,TCP,1514
354,2025-04-10 15:19:23.569348,N/A,N/A,TCP,74
355,2025-04-10 15:19:23.569500,N/A,N/A,TCP,1514
356,2025-04-10 15:19:23.569500,N/A,N/A,TCP,1514
357,2025-04-10 15:19:23.569500,N/A,N/A,TCP,1514
358,2025-04-10 15:19:23.569500,N/A,N/A,TCP,1514
359,2025-04-10 15:19:23.569528,N/A,N/A,TCP,74
360,2025-04-10 15:19:23.569958,N/A,N/A,TCP,1514
361,2025-04-10 15:19:23.569978,N/A,N/A,TCP,74
362,2025-04-10 15:19:23.574546,N/A,N/A,TCP,1514
363,2025-04-10 15:19:23.574546,N/A,N/A,TCP,1514
364,2025-04-10 15:19:23.574546,N/A,N/A,TCP,1514
365,2025-04-10 15:19:23.574585,N/A,N/A,TCP,74
366,2025-04-10 15:19:23.574752,N/A,N/A,TCP,1514
367,2025-04-10 15:19:23.574752,N/A,N/A,TCP,1514
368,2025-04-10 15:19:23.574752,N/A,N/A,TCP,1514
369,2025-04-10 15:19:23.574752,N/A,N/A,TCP,1514
370,2025-04-10 15:19:23.574782,N/A,N/A,TCP,74
371,2025-04-10 15:19:23.574828,N/A,N/A,TCP,1514
372,2025-04-10 15:19:23.574828,N/A,N/A,TCP,1514
373,2025-04-10 15:19:23.574828,N/A,N/A,TCP,2954
374,2025-04-10 15:19:23.574853,N/A,N/A,TCP,74
375,2025-04-10 15:19:23.584811,N/A,N/A,TCP,5834
376,2025-04-10 15:19:23.584859,N/A,N/A,TCP,74
377,2025-04-10 15:19:23.584938,N/A,N/A,TCP,5834
378,2025-04-10 15:19:23.584938,N/A,N/A,TCP,1514
379,2025-04-10 15:19:23.584938,N/A,N/A,TCP,1514
380,2025-04-10 15:19:23.584938,N/A,N/A,TCP,1514
381,2025-04-10 15:19:23.584938,N/A,N/A,TCP,1514
382,2025-04-10 15:19:23.584938,N/A,N/A,TCP,1514
383,2025-04-10 15:19:23.584938,N/A,N/A,TCP,1514
384,2025-04-10 15:19:23.584938,N/A,N/A,TCP,5834
385,2025-04-10 15:19:23.584984,N/A,N/A,TCP,74
386,2025-04-10 15:19:23.585016,N/A,N/A,TCP,2954
387,2025-04-10 15:19:23.585029,N/A,N/A,TCP,74
388,2025-04-10 15:19:23.585487,N/A,N/A,TCP,8714
389,2025-04-10 15:19:23.585487,N/A,N/A,TCP,1514
390,2025-04-10 15:19:23.585487,N/A,N/A,TCP,1514
391,2025-04-10 15:19:23.585527,N/A,N/A,TCP,74
392,2025-04-10 15:19:23.585617,N/A,N/A,TCP,1514
393,2025-04-10 15:19:23.585617,N/A,N/A,TCP,1514
394,2025-04-10 15:19:23.585617,N/A,N/A,TCP,1514
395,2025-04-10 15:19:23.585617,N/A,N/A,TCP,1514
396,2025-04-10 15:19:23.585617,N/A,N/A,TCP,1514
397,2025-04-10 15:19:23.585617,N/A,N/A,TCP,1514
398,2025-04-10 15:19:23.585617,N/A,N/A,TCP,1514
399,2025-04-10 15:19:23.585617,N/A,N/A,TCP,1514
400,2025-04-10 15:19:23.585617,N/A,N/A,TCP,1514
401,2025-04-10 15:19:23.585617,N/A,N/A,TCP,1514
402,2025-04-10 15:19:23.585617,N/A,N/A,TCP,1514
403,2025-04-10 15:19:23.585617,N/A,N/A,TCP,1514
404,2025-04-10 15:19:23.585671,N/A,N/A,TCP,74
405,2025-04-10 15:19:23.586008,N/A,N/A,TCP,1514
406,2025-04-10 15:19:23.586008,N/A,N/A,TCP,1514
407,2025-04-10 15:19:23.586008,N/A,N/A,TCP,1514
408,2025-04-10 15:19:23.586045,N/A,N/A,TCP,74
409,2025-04-10 15:19:23.586112,N/A,N/A,TCP,1514
410,2025-04-10 15:19:23.586112,N/A,N/A,TCP,1514
411,2025-04-10 15:19:23.586112,N/A,N/A,TCP,1514
412,2025-04-10 15:19:23.586112,N/A,N/A,TCP,1514
413,2025-04-10 15:19:23.586112,N/A,N/A,TCP,1514
414,2025-04-10 15:19:23.586112,N/A,N/A,TCP,1514
415,2025-04-10 15:19:23.586112,N/A,N/A,TCP,1514
416,2025-04-10 15:19:23.586112,N/A,N/A,TCP,1514
417,2025-04-10 15:19:23.586112,N/A,N/A,TCP,1514
418,2025-04-10 15:19:23.586112,N/A,N/A,TCP,1514
419,2025-04-10 15:19:23.586112,N/A,N/A,TCP,1514
420,2025-04-10 15:19:23.586112,N/A,N/A,TCP,1514
421,2025-04-10 15:19:23.586112,N/A,N/A,TCP,1514
422,2025-04-10 15:19:23.586112,N/A,N/A,TCP,1514
423,2025-04-10 15:19:23.586112,N/A,N/A,TCP,1514
424,2025-04-10 15:19:23.586112,N/A,N/A,TCP,1514
425,2025-04-10 15:19:23.586112,N/A,N/A,TCP,1514
426,2025-04-10 15:19:23.586184,N/A,N/A,TCP,74
427,2025-04-10 15:19:23.586357,N/A,N/A,TCP,1514
428,2025-04-10 15:19:23.586357,N/A,N/A,TCP,1514
429,2025-04-10 15:19:23.586357,N/A,N/A,TCP,5834
430,2025-04-10 15:19:23.586357,N/A,N/A,TCP,618
431,2025-04-10 15:19:23.586357,N/A,N/A,TCP,1514
432,2025-04-10 15:19:23.586386,N/A,N/A,TCP,74
433,2025-04-10 15:19:23.586421,N/A,N/A,TCP,23114
434,2025-04-10 15:19:23.586441,N/A,N/A,TCP,74
435,2025-04-10 15:19:23.586468,N/A,N/A,TCP,7274
436,2025-04-10 15:19:23.586483,N/A,N/A,TCP,74
437,2025-04-10 15:19:23.590550,N/A,N/A,TCP,1514
438,2025-04-10 15:19:23.590550,N/A,N/A,TCP,1514
439,2025-04-10 15:19:23.590550,N/A,N/A,TCP,1514
440,2025-04-10 15:19:23.590592,N/A,N/A,TCP,74
441,2025-04-10 15:19:23.590654,N/A,N/A,TCP,5834
442,2025-04-10 15:19:23.590671,N/A,N/A,TCP,74
443,2025-04-10 15:19:23.590697,N/A,N/A,TCP,2954
444,2025-04-10 15:19:23.590709,N/A,N/A,TCP,74
445,2025-04-10 15:19:23.591085,N/A,N/A,TCP,970
446,2025-04-10 15:19:23.591085,N/A,N/A,TCP,4394
447,2025-04-10 15:19:23.591112,N/A,N/A,TCP,74
448,2025-04-10 15:19:23.591240,N/A,N/A,TCP,704
449,2025-04-10 15:19:23.591247,N/A,N/A,TCP,74
450,2025-04-10 15:19:26.776171,N/A,N/A,TCP,117
451,2025-04-10 15:19:26.791649,N/A,N/A,TCP,74
452,2025-04-10 15:19:26.901526,N/A,N/A,TCP,114
453,2025-04-10 15:19:26.942362,N/A,N/A,TCP,74
454,2025-04-10 15:19:27.223458,192.168.29.1,224.0.0.1,,50
455,2025-04-10 15:19:27.233928,192.168.29.73,148.113.20.116,TCP,55
456,2025-04-10 15:19:27.278451,148.113.20.116,192.168.29.73,TCP,66
457,2025-04-10 15:19:28.026573,N/A,N/A,,142
458,2025-04-10 15:19:28.273390,192.168.29.73,224.0.0.22,,62
459,2025-04-10 15:19:28.875349,N/A,N/A,TCP,1294
460,2025-04-10 15:19:28.875349,N/A,N/A,TCP,1294
461,2025-04-10 15:19:28.875349,N/A,N/A,TCP,1294
462,2025-04-10 15:19:28.875349,N/A,N/A,TCP,1294
463,2025-04-10 15:19:28.875349,N/A,N/A,TCP,1294
464,2025-04-10 15:19:28.875349,N/A,N/A,TCP,1294
465,2025-04-10 15:19:28.875349,N/A,N/A,TCP,1294
466,2025-04-10 15:19:28.875349,N/A,N/A,TCP,158
467,2025-04-10 15:19:28.875415,N/A,N/A,TCP,74
468,2025-04-10 15:19:28.878625,N/A,N/A,TCP,1294
469,2025-04-10 15:19:28.878625,N/A,N/A,TCP,1294
470,2025-04-10 15:19:28.878625,N/A,N/A,TCP,1294
471,2025-04-10 15:19:28.878625,N/A,N/A,TCP,1294
472,2025-04-10 15:19:28.878625,N/A,N/A,TCP,936
473,2025-04-10 15:19:28.878674,N/A,N/A,TCP,74
474,2025-04-10 15:19:28.895743,N/A,N/A,TCP,1294
475,2025-04-10 15:19:28.895743,N/A,N/A,TCP,1294
476,2025-04-10 15:19:28.895743,N/A,N/A,TCP,1294
477,2025-04-10 15:19:28.895743,N/A,N/A,TCP,1294
478,2025-04-10 15:19:28.895743,N/A,N/A,TCP,1294
479,2025-04-10 15:19:28.895793,N/A,N/A,TCP,74
480,2025-04-10 15:19:28.897912,N/A,N/A,TCP,17154
481,2025-04-10 15:19:28.897912,N/A,N/A,TCP,1270
482,2025-04-10 15:19:28.897912,N/A,N/A,TCP,3734
483,2025-04-10 15:19:28.897912,N/A,N/A,TCP,726
484,2025-04-10 15:19:28.897912,N/A,N/A,TCP,2514
485,2025-04-10 15:19:28.897912,N/A,N/A,TCP,516
486,2025-04-10 15:19:28.897912,N/A,N/A,TCP,1294
487,2025-04-10 15:19:28.897989,N/A,N/A,TCP,74
488,2025-04-10 15:19:28.898063,N/A,N/A,TCP,1294
489,2025-04-10 15:19:28.898063,N/A,N/A,TCP,1145
490,2025-04-10 15:19:28.898079,N/A,N/A,TCP,74
491,2025-04-10 15:19:28.903229,N/A,N/A,UDP,105
492,2025-04-10 15:19:28.903501,N/A,N/A,UDP,105
493,2025-04-10 15:19:28.903889,N/A,N/A,UDP,105
494,2025-04-10 15:19:28.908921,N/A,N/A,UDP,171
495,2025-04-10 15:19:28.910757,N/A,N/A,UDP,159
496,2025-04-10 15:19:28.913654,N/A,N/A,UDP,233
497,2025-04-10 15:19:28.914836,N/A,N/A,UDP,1292
498,2025-04-10 15:19:28.914977,N/A,N/A,UDP,1292
499,2025-04-10 15:19:28.923848,N/A,N/A,TCP,74
500,2025-04-10 15:19:28.924506,N/A,N/A,UDP,102
501,2025-04-10 15:19:28.924506,N/A,N/A,UDP,1292
502,2025-04-10 15:19:28.929044,N/A,N/A,TCP,98
503,2025-04-10 15:19:28.929086,N/A,N/A,TCP,74
504,2025-04-10 15:19:28.930118,N/A,N/A,TCP,74
505,2025-04-10 15:19:28.938954,N/A,N/A,UDP,1292
506,2025-04-10 15:19:28.939461,N/A,N/A,TCP,86
507,2025-04-10 15:19:28.949047,N/A,N/A,UDP,1292
508,2025-04-10 15:19:28.949047,N/A,N/A,TCP,86
509,2025-04-10 15:19:28.949131,N/A,N/A,TCP,74
510,2025-04-10 15:19:28.949796,N/A,N/A,TCP,1514
511,2025-04-10 15:19:28.949796,N/A,N/A,TCP,725
512,2025-04-10 15:19:28.957590,N/A,N/A,TCP,86
513,2025-04-10 15:19:28.957590,N/A,N/A,TCP,74
514,2025-04-10 15:19:28.973737,N/A,N/A,UDP,1292
515,2025-04-10 15:19:28.980325,N/A,N/A,UDP,1292
516,2025-04-10 15:19:28.991467,N/A,N/A,UDP,1292
517,2025-04-10 15:19:28.992975,N/A,N/A,UDP,1292
518,2025-04-10 15:19:28.993169,N/A,N/A,UDP,145
519,2025-04-10 15:19:28.993273,N/A,N/A,UDP,129
520,2025-04-10 15:19:28.993553,N/A,N/A,UDP,1121
521,2025-04-10 15:19:29.001168,N/A,N/A,UDP,1292
522,2025-04-10 15:19:29.001168,N/A,N/A,UDP,186
523,2025-04-10 15:19:29.001442,N/A,N/A,UDP,94
524,2025-04-10 15:19:29.025645,N/A,N/A,TCP,286
525,2025-04-10 15:19:29.025911,N/A,N/A,TCP,138
526,2025-04-10 15:19:29.033347,N/A,N/A,TCP,74
527,2025-04-10 15:19:29.033347,N/A,N/A,TCP,692
528,2025-04-10 15:19:29.073576,N/A,N/A,TCP,74
529,2025-04-10 15:19:29.122306,N/A,N/A,UDP,840
530,2025-04-10 15:19:29.153690,N/A,N/A,UDP,98
531,2025-04-10 15:19:29.154716,192.168.29.73,35.174.127.31,TCP,295
532,2025-04-10 15:19:29.162356,N/A,N/A,UDP,684
533,2025-04-10 15:19:29.162649,N/A,N/A,UDP,95
534,2025-04-10 15:19:29.192393,N/A,N/A,UDP,86
535,2025-04-10 15:19:29.468470,35.174.127.31,192.168.29.73,TCP,54
536,2025-04-10 15:19:29.468470,35.174.127.31,192.168.29.73,TCP,318
537,2025-04-10 15:19:29.514043,192.168.29.73,35.174.127.31,TCP,54
538,2025-04-10 15:19:29.767093,192.168.29.73,224.0.0.22,,54
539,2025-04-10 15:19:32.150417,N/A,N/A,TCP,2514
540,2025-04-10 15:19:32.150471,N/A,N/A,TCP,74
541,2025-04-10 15:19:32.150618,N/A,N/A,TCP,1294
542,2025-04-10 15:19:32.151292,N/A,N/A,TCP,7394
543,2025-04-10 15:19:32.151342,N/A,N/A,TCP,74
544,2025-04-10 15:19:32.151463,N/A,N/A,TCP,2514
545,2025-04-10 15:19:32.151463,N/A,N/A,TCP,998
546,2025-04-10 15:19:32.151509,N/A,N/A,TCP,74
547,2025-04-10 15:19:32.156574,N/A,N/A,TCP,3734
548,2025-04-10 15:19:32.156614,N/A,N/A,TCP,74
549,2025-04-10 15:19:32.158125,N/A,N/A,TCP,6174
550,2025-04-10 15:19:32.158125,N/A,N/A,TCP,368
551,2025-04-10 15:19:32.158185,N/A,N/A,TCP,74
552,2025-04-10 15:19:32.164339,N/A,N/A,TCP,2514
553,2025-04-10 15:19:32.164399,N/A,N/A,TCP,74
554,2025-04-10 15:19:32.164658,N/A,N/A,TCP,4954
555,2025-04-10 15:19:32.164716,N/A,N/A,TCP,74
556,2025-04-10 15:19:32.164942,N/A,N/A,TCP,3734
557,2025-04-10 15:19:32.165002,N/A,N/A,TCP,74
558,2025-04-10 15:19:32.165111,N/A,N/A,TCP,2514
559,2025-04-10 15:19:32.165111,N/A,N/A,TCP,998
560,2025-04-10 15:19:32.165164,N/A,N/A,TCP,74
561,2025-04-10 15:19:32.170658,N/A,N/A,TCP,7394
562,2025-04-10 15:19:32.170703,N/A,N/A,TCP,74
563,2025-04-10 15:19:32.170819,N/A,N/A,TCP,2514
564,2025-04-10 15:19:32.170856,N/A,N/A,TCP,74
565,2025-04-10 15:19:32.171104,N/A,N/A,TCP,957
566,2025-04-10 15:19:32.171158,N/A,N/A,TCP,74
567,2025-04-10 15:19:33.396075,N/A,N/A,UDP,103
568,2025-04-10 15:19:33.396362,N/A,N/A,UDP,103
569,2025-04-10 15:19:33.396534,N/A,N/A,UDP,103
570,2025-04-10 15:19:33.402427,N/A,N/A,UDP,241
571,2025-04-10 15:19:33.404176,N/A,N/A,UDP,233
572,2025-04-10 15:19:33.404176,N/A,N/A,UDP,246
573,2025-04-10 15:19:33.404887,N/A,N/A,TCP,86
574,2025-04-10 15:19:33.411232,N/A,N/A,TCP,86
575,2025-04-10 15:19:33.411294,N/A,N/A,TCP,74
576,2025-04-10 15:19:33.411728,N/A,N/A,TCP,1418
577,2025-04-10 15:19:33.411728,N/A,N/A,TCP,846
578,2025-04-10 15:19:33.419457,N/A,N/A,TCP,344
579,2025-04-10 15:19:33.419931,N/A,N/A,TCP,154
580,2025-04-10 15:19:33.420193,N/A,N/A,TCP,883
581,2025-04-10 15:19:33.427218,N/A,N/A,TCP,74
582,2025-04-10 15:19:33.427218,N/A,N/A,TCP,74
583,2025-04-10 15:19:33.428099,N/A,N/A,TCP,377
584,2025-04-10 15:19:33.452522,N/A,N/A,TCP,14474
585,2025-04-10 15:19:33.452581,N/A,N/A,TCP,74
586,2025-04-10 15:19:33.452706,N/A,N/A,TCP,1514
587,2025-04-10 15:19:33.452706,N/A,N/A,TCP,640
588,2025-04-10 15:19:33.452706,N/A,N/A,TCP,5834
589,2025-04-10 15:19:33.452760,N/A,N/A,TCP,74
590,2025-04-10 15:19:33.452846,N/A,N/A,TCP,4394
591,2025-04-10 15:19:33.452875,N/A,N/A,TCP,74
592,2025-04-10 15:19:33.453021,N/A,N/A,TCP,2954
593,2025-04-10 15:19:33.453074,N/A,N/A,TCP,74
594,2025-04-10 15:19:33.453183,N/A,N/A,TCP,2954
595,2025-04-10 15:19:33.453183,N/A,N/A,TCP,640
596,2025-04-10 15:19:33.453183,N/A,N/A,TCP,4394
597,2025-04-10 15:19:33.453231,N/A,N/A,TCP,74
598,2025-04-10 15:19:33.453337,N/A,N/A,TCP,7274
599,2025-04-10 15:19:33.453381,N/A,N/A,TCP,74
600,2025-04-10 15:19:33.453497,N/A,N/A,TCP,7274
601,2025-04-10 15:19:33.453548,N/A,N/A,TCP,74
602,2025-04-10 15:19:33.453611,N/A,N/A,TCP,1032
603,2025-04-10 15:19:33.453611,N/A,N/A,TCP,2954
604,2025-04-10 15:19:33.453630,N/A,N/A,TCP,74
605,2025-04-10 15:19:33.453757,N/A,N/A,TCP,4394
606,2025-04-10 15:19:33.453783,N/A,N/A,TCP,74
607,2025-04-10 15:19:33.453875,N/A,N/A,TCP,1514
608,2025-04-10 15:19:33.455075,N/A,N/A,TCP,1514
609,2025-04-10 15:19:33.455114,N/A,N/A,TCP,74
610,2025-04-10 15:19:33.459685,N/A,N/A,TCP,2954
611,2025-04-10 15:19:33.459728,N/A,N/A,TCP,74
612,2025-04-10 15:19:33.459779,N/A,N/A,TCP,5834
613,2025-04-10 15:19:33.459793,N/A,N/A,TCP,74
614,2025-04-10 15:19:33.459966,N/A,N/A,TCP,2954
615,2025-04-10 15:19:33.459987,N/A,N/A,TCP,74
616,2025-04-10 15:19:33.460037,N/A,N/A,TCP,2954
617,2025-04-10 15:19:33.460055,N/A,N/A,TCP,74
618,2025-04-10 15:19:33.460086,N/A,N/A,TCP,2954
619,2025-04-10 15:19:33.460096,N/A,N/A,TCP,74
620,2025-04-10 15:19:33.460151,N/A,N/A,TCP,2954
621,2025-04-10 15:19:33.460171,N/A,N/A,TCP,74
622,2025-04-10 15:19:33.460246,N/A,N/A,TCP,2954
623,2025-04-10 15:19:33.460269,N/A,N/A,TCP,74
624,2025-04-10 15:19:33.460299,N/A,N/A,TCP,2954
625,2025-04-10 15:19:33.460310,N/A,N/A,TCP,74
626,2025-04-10 15:19:33.460359,N/A,N/A,TCP,2954
627,2025-04-10 15:19:33.460374,N/A,N/A,TCP,74
628,2025-04-10 15:19:33.460405,N/A,N/A,TCP,1514
629,2025-04-10 15:19:33.460446,N/A,N/A,TCP,1514
630,2025-04-10 15:19:33.460460,N/A,N/A,TCP,74
631,2025-04-10 15:19:33.460486,N/A,N/A,TCP,2954
632,2025-04-10 15:19:33.460499,N/A,N/A,TCP,74
633,2025-04-10 15:19:33.460583,N/A,N/A,TCP,1514
634,2025-04-10 15:19:33.460624,N/A,N/A,TCP,2954
635,2025-04-10 15:19:33.460637,N/A,N/A,TCP,74
636,2025-04-10 15:19:33.460677,N/A,N/A,TCP,2954
637,2025-04-10 15:19:33.460689,N/A,N/A,TCP,74
638,2025-04-10 15:19:33.460716,N/A,N/A,TCP,1514
639,2025-04-10 15:19:33.460725,N/A,N/A,TCP,74
640,2025-04-10 15:19:33.460762,N/A,N/A,TCP,1514
641,2025-04-10 15:19:33.460812,N/A,N/A,TCP,2954
642,2025-04-10 15:19:33.460824,N/A,N/A,TCP,74
643,2025-04-10 15:19:33.461046,N/A,N/A,TCP,2954
644,2025-04-10 15:19:33.461073,N/A,N/A,TCP,74
645,2025-04-10 15:19:33.461121,N/A,N/A,TCP,5834
646,2025-04-10 15:19:33.461136,N/A,N/A,TCP,74
647,2025-04-10 15:19:33.461205,N/A,N/A,TCP,1514
648,2025-04-10 15:19:33.461220,N/A,N/A,TCP,74
649,2025-04-10 15:19:33.461304,N/A,N/A,TCP,2954
650,2025-04-10 15:19:33.461321,N/A,N/A,TCP,74
651,2025-04-10 15:19:33.461353,N/A,N/A,TCP,2954
652,2025-04-10 15:19:33.461363,N/A,N/A,TCP,74
653,2025-04-10 15:19:33.461385,N/A,N/A,TCP,1514
654,2025-04-10 15:19:33.462039,N/A,N/A,TCP,2954
655,2025-04-10 15:19:33.462067,N/A,N/A,TCP,74
656,2025-04-10 15:19:33.462116,N/A,N/A,TCP,5834
657,2025-04-10 15:19:33.462127,N/A,N/A,TCP,74
658,2025-04-10 15:19:33.462199,N/A,N/A,TCP,2954
659,2025-04-10 15:19:33.462213,N/A,N/A,TCP,74
660,2025-04-10 15:19:33.462245,N/A,N/A,TCP,1514
661,2025-04-10 15:19:33.462253,N/A,N/A,TCP,74
662,2025-04-10 15:19:33.462355,N/A,N/A,TCP,2954
663,2025-04-10 15:19:33.462369,N/A,N/A,TCP,74
664,2025-04-10 15:19:33.462408,N/A,N/A,TCP,2954
665,2025-04-10 15:19:33.462420,N/A,N/A,TCP,74
666,2025-04-10 15:19:33.462450,N/A,N/A,TCP,2954
667,2025-04-10 15:19:33.462460,N/A,N/A,TCP,74
668,2025-04-10 15:19:33.462738,N/A,N/A,TCP,2954
669,2025-04-10 15:19:33.462754,N/A,N/A,TCP,74
670,2025-04-10 15:19:33.463554,N/A,N/A,TCP,2954
671,2025-04-10 15:19:33.463580,N/A,N/A,TCP,74
672,2025-04-10 15:19:33.463627,N/A,N/A,TCP,4394
673,2025-04-10 15:19:33.463640,N/A,N/A,TCP,74
674,2025-04-10 15:19:33.463664,N/A,N/A,TCP,2954
675,2025-04-10 15:19:33.463674,N/A,N/A,TCP,74
676,2025-04-10 15:19:33.463753,N/A,N/A,TCP,1514
677,2025-04-10 15:19:33.463769,N/A,N/A,TCP,74
678,2025-04-10 15:19:33.463856,N/A,N/A,TCP,4394
679,2025-04-10 15:19:33.463874,N/A,N/A,TCP,74
680,2025-04-10 15:19:33.463926,N/A,N/A,TCP,2954
681,2025-04-10 15:19:33.463940,N/A,N/A,TCP,74
682,2025-04-10 15:19:33.463975,N/A,N/A,TCP,2954
683,2025-04-10 15:19:33.463985,N/A,N/A,TCP,74
684,2025-04-10 15:19:33.464011,N/A,N/A,TCP,1514
685,2025-04-10 15:19:33.464018,N/A,N/A,TCP,74
686,2025-04-10 15:19:33.464074,N/A,N/A,TCP,1514
687,2025-04-10 15:19:33.464224,N/A,N/A,TCP,2954
688,2025-04-10 15:19:33.464241,N/A,N/A,TCP,74
689,2025-04-10 15:19:33.464290,N/A,N/A,TCP,1514
690,2025-04-10 15:19:33.464303,N/A,N/A,TCP,74
691,2025-04-10 15:19:33.464464,N/A,N/A,TCP,2954
692,2025-04-10 15:19:33.464485,N/A,N/A,TCP,74
693,2025-04-10 15:19:33.464526,N/A,N/A,TCP,5834
694,2025-04-10 15:19:33.464544,N/A,N/A,TCP,74
695,2025-04-10 15:19:33.464736,N/A,N/A,TCP,2954
696,2025-04-10 15:19:33.464760,N/A,N/A,TCP,74
697,2025-04-10 15:19:33.467644,N/A,N/A,TCP,2954
698,2025-04-10 15:19:33.467684,N/A,N/A,TCP,74
699,2025-04-10 15:19:33.467739,N/A,N/A,TCP,1514
700,2025-04-10 15:19:33.467923,N/A,N/A,TCP,618
701,2025-04-10 15:19:33.467941,N/A,N/A,TCP,74
702,2025-04-10 15:19:33.473128,N/A,N/A,TCP,2954
703,2025-04-10 15:19:33.473169,N/A,N/A,TCP,74
704,2025-04-10 15:19:33.473229,N/A,N/A,TCP,5834
705,2025-04-10 15:19:33.473250,N/A,N/A,TCP,74
706,2025-04-10 15:19:33.473386,N/A,N/A,TCP,8714
707,2025-04-10 15:19:33.473409,N/A,N/A,TCP,74
708,2025-04-10 15:19:33.473475,N/A,N/A,TCP,2954
709,2025-04-10 15:19:33.473509,N/A,N/A,TCP,74
710,2025-04-10 15:19:33.473543,N/A,N/A,TCP,4394
711,2025-04-10 15:19:33.473554,N/A,N/A,TCP,74
712,2025-04-10 15:19:33.473575,N/A,N/A,TCP,1514
713,2025-04-10 15:19:33.473585,N/A,N/A,TCP,74
714,2025-04-10 15:19:33.473603,N/A,N/A,TCP,2954
715,2025-04-10 15:19:33.473609,N/A,N/A,TCP,74
716,2025-04-10 15:19:33.473632,N/A,N/A,TCP,1514
717,2025-04-10 15:19:33.473847,N/A,N/A,TCP,4394
718,2025-04-10 15:19:33.473865,N/A,N/A,TCP,74
719,2025-04-10 15:19:33.473911,N/A,N/A,TCP,5834
720,2025-04-10 15:19:33.473922,N/A,N/A,TCP,74
721,2025-04-10 15:19:33.473942,N/A,N/A,TCP,2954
722,2025-04-10 15:19:33.473951,N/A,N/A,TCP,74
723,2025-04-10 15:19:33.474041,N/A,N/A,TCP,2954
724,2025-04-10 15:19:33.474056,N/A,N/A,TCP,74
725,2025-04-10 15:19:33.474105,N/A,N/A,TCP,1514
726,2025-04-10 15:19:33.474298,N/A,N/A,TCP,4394
727,2025-04-10 15:19:33.474317,N/A,N/A,TCP,74
728,2025-04-10 15:19:33.474358,N/A,N/A,TCP,1514
729,2025-04-10 15:19:33.474399,N/A,N/A,TCP,2954
730,2025-04-10 15:19:33.474411,N/A,N/A,TCP,74
731,2025-04-10 15:19:33.474470,N/A,N/A,TCP,2954
732,2025-04-10 15:19:33.474481,N/A,N/A,TCP,74
733,2025-04-10 15:19:33.474510,N/A,N/A,TCP,970
734,2025-04-10 15:19:33.474516,N/A,N/A,TCP,74
735,2025-04-10 15:19:33.476534,N/A,N/A,TCP,2954
736,2025-04-10 15:19:33.476573,N/A,N/A,TCP,74
737,2025-04-10 15:19:33.476625,N/A,N/A,TCP,1514
738,2025-04-10 15:19:33.476779,N/A,N/A,TCP,2954
739,2025-04-10 15:19:33.476805,N/A,N/A,TCP,74
740,2025-04-10 15:19:33.476846,N/A,N/A,TCP,2954
741,2025-04-10 15:19:33.476846,N/A,N/A,TCP,618
742,2025-04-10 15:19:33.476846,N/A,N/A,TCP,1514
743,2025-04-10 15:19:33.476868,N/A,N/A,TCP,74
744,2025-04-10 15:19:33.476980,N/A,N/A,TCP,4394
745,2025-04-10 15:19:33.476998,N/A,N/A,TCP,74
746,2025-04-10 15:19:33.477051,N/A,N/A,TCP,2954
747,2025-04-10 15:19:33.477068,N/A,N/A,TCP,74
748,2025-04-10 15:19:33.477098,N/A,N/A,TCP,2954
749,2025-04-10 15:19:33.477108,N/A,N/A,TCP,74
750,2025-04-10 15:19:33.477212,N/A,N/A,TCP,2954
751,2025-04-10 15:19:33.477227,N/A,N/A,TCP,74
752,2025-04-10 15:19:33.477261,N/A,N/A,TCP,4394
753,2025-04-10 15:19:33.477271,N/A,N/A,TCP,74
754,2025-04-10 15:19:33.477360,N/A,N/A,TCP,4394
755,2025-04-10 15:19:33.477378,N/A,N/A,TCP,74
756,2025-04-10 15:19:33.477675,N/A,N/A,TCP,1514
757,2025-04-10 15:19:33.480139,N/A,N/A,TCP,2954
758,2025-04-10 15:19:33.480159,N/A,N/A,TCP,74
759,2025-04-10 15:19:33.480206,N/A,N/A,TCP,2954
760,2025-04-10 15:19:33.480217,N/A,N/A,TCP,74
761,2025-04-10 15:19:33.480241,N/A,N/A,TCP,1514
762,2025-04-10 15:19:33.480249,N/A,N/A,TCP,74
763,2025-04-10 15:19:33.480338,N/A,N/A,TCP,4394
764,2025-04-10 15:19:33.480356,N/A,N/A,TCP,74
765,2025-04-10 15:19:33.480473,N/A,N/A,TCP,2954
766,2025-04-10 15:19:33.480491,N/A,N/A,TCP,74
767,2025-04-10 15:19:33.480522,N/A,N/A,TCP,1514
768,2025-04-10 15:19:33.480535,N/A,N/A,TCP,74
769,2025-04-10 15:19:33.480639,N/A,N/A,TCP,5834
770,2025-04-10 15:19:33.480657,N/A,N/A,TCP,74
771,2025-04-10 15:19:33.480690,N/A,N/A,TCP,2954
772,2025-04-10 15:19:33.480699,N/A,N/A,TCP,74
773,2025-04-10 15:19:33.480893,N/A,N/A,TCP,4394
774,2025-04-10 15:19:33.480908,N/A,N/A,TCP,74
775,2025-04-10 15:19:33.480955,N/A,N/A,TCP,970
776,2025-04-10 15:19:33.480955,N/A,N/A,TCP,1514
777,2025-04-10 15:19:33.480970,N/A,N/A,TCP,74
778,2025-04-10 15:19:33.480997,N/A,N/A,TCP,1514
779,2025-04-10 15:19:33.481006,N/A,N/A,TCP,74
780,2025-04-10 15:19:33.481489,N/A,N/A,TCP,1388
781,2025-04-10 15:19:33.533529,N/A,N/A,TCP,74
782,2025-04-10 15:19:33.771803,192.168.29.73,224.0.0.22,,54
783,2025-04-10 15:19:37.278339,192.168.29.73,148.113.20.116,TCP,55
784,2025-04-10 15:19:37.322921,148.113.20.116,192.168.29.73,TCP,66
785,2025-04-10 15:19:37.433926,N/A,N/A,,86
786,2025-04-10 15:19:38.944178,N/A,N/A,TCP,74
787,2025-04-10 15:19:38.944397,N/A,N/A,TCP,74
788,2025-04-10 15:19:38.948676,N/A,N/A,TCP,98
789,2025-04-10 15:19:38.948676,N/A,N/A,TCP,74
790,2025-04-10 15:19:38.948739,N/A,N/A,TCP,74
791,2025-04-10 15:19:38.951625,N/A,N/A,TCP,74
792,2025-04-10 15:19:38.951659,N/A,N/A,TCP,74
793,2025-04-10 15:19:39.285272,N/A,N/A,,142
794,2025-04-10 15:19:42.442907,N/A,N/A,,86
795,2025-04-10 15:19:42.442983,N/A,N/A,,86
796,2025-04-10 15:19:43.347384,N/A,N/A,TCP,86
797,2025-04-10 15:19:43.354388,N/A,N/A,TCP,86
798,2025-04-10 15:19:43.354449,N/A,N/A,TCP,74
799,2025-04-10 15:19:43.354885,N/A,N/A,TCP,1418
800,2025-04-10 15:19:43.354885,N/A,N/A,TCP,846
801,2025-04-10 15:19:43.363627,N/A,N/A,TCP,344
802,2025-04-10 15:19:43.364073,N/A,N/A,TCP,154
803,2025-04-10 15:19:43.364328,N/A,N/A,TCP,883
804,2025-04-10 15:19:43.370581,N/A,N/A,TCP,74
805,2025-04-10 15:19:43.370581,N/A,N/A,TCP,74
806,2025-04-10 15:19:43.376388,N/A,N/A,TCP,377
807,2025-04-10 15:19:43.405882,N/A,N/A,TCP,1514
808,2025-04-10 15:19:43.405882,N/A,N/A,TCP,843
809,2025-04-10 15:19:43.405882,N/A,N/A,TCP,1514
810,2025-04-10 15:19:43.405882,N/A,N/A,TCP,1514
811,2025-04-10 15:19:43.405882,N/A,N/A,TCP,1192
812,2025-04-10 15:19:43.405931,N/A,N/A,TCP,74
813,2025-04-10 15:19:43.422500,N/A,N/A,TCP,1514
814,2025-04-10 15:19:43.422500,N/A,N/A,TCP,1514
815,2025-04-10 15:19:43.422500,N/A,N/A,TCP,1514
816,2025-04-10 15:19:43.422500,N/A,N/A,TCP,1514
817,2025-04-10 15:19:43.422500,N/A,N/A,TCP,1514
818,2025-04-10 15:19:43.422500,N/A,N/A,TCP,1514
819,2025-04-10 15:19:43.422500,N/A,N/A,TCP,1514
820,2025-04-10 15:19:43.422500,N/A,N/A,TCP,1514
821,2025-04-10 15:19:43.422500,N/A,N/A,TCP,4394
822,2025-04-10 15:19:43.422500,N/A,N/A,TCP,640
823,2025-04-10 15:19:43.422500,N/A,N/A,TCP,2954
824,2025-04-10 15:19:43.422579,N/A,N/A,TCP,74
825,2025-04-10 15:19:43.424915,N/A,N/A,TCP,5834
826,2025-04-10 15:19:43.424967,N/A,N/A,TCP,74
827,2025-04-10 15:19:43.425043,N/A,N/A,TCP,7274
828,2025-04-10 15:19:43.425043,N/A,N/A,TCP,640
829,2025-04-10 15:19:43.425043,N/A,N/A,TCP,34634
830,2025-04-10 15:19:43.425092,N/A,N/A,TCP,74
831,2025-04-10 15:19:43.430961,N/A,N/A,TCP,5834
832,2025-04-10 15:19:43.430961,N/A,N/A,TCP,1514
833,2025-04-10 15:19:43.430961,N/A,N/A,TCP,1514
834,2025-04-10 15:19:43.431019,N/A,N/A,TCP,74
835,2025-04-10 15:19:43.431099,N/A,N/A,TCP,1514
836,2025-04-10 15:19:43.431099,N/A,N/A,TCP,1514
837,2025-04-10 15:19:43.431099,N/A,N/A,TCP,1514
838,2025-04-10 15:19:43.431099,N/A,N/A,TCP,1514
839,2025-04-10 15:19:43.431099,N/A,N/A,TCP,1514
840,2025-04-10 15:19:43.431099,N/A,N/A,TCP,1514
841,2025-04-10 15:19:43.431099,N/A,N/A,TCP,1514
842,2025-04-10 15:19:43.431099,N/A,N/A,TCP,11594
843,2025-04-10 15:19:43.431133,N/A,N/A,TCP,74
844,2025-04-10 15:19:43.432315,N/A,N/A,TCP,1514
845,2025-04-10 15:19:43.432315,N/A,N/A,TCP,1514
846,2025-04-10 15:19:43.432315,N/A,N/A,TCP,1514
847,2025-04-10 15:19:43.432368,N/A,N/A,TCP,74
848,2025-04-10 15:19:43.432432,N/A,N/A,TCP,1514
849,2025-04-10 15:19:43.432432,N/A,N/A,TCP,8714
850,2025-04-10 15:19:43.432452,N/A,N/A,TCP,74
851,2025-04-10 15:19:43.432968,N/A,N/A,TCP,5834
852,2025-04-10 15:19:43.433000,N/A,N/A,TCP,74
853,2025-04-10 15:19:43.433043,N/A,N/A,TCP,2954
854,2025-04-10 15:19:43.433063,N/A,N/A,TCP,74
855,2025-04-10 15:19:43.436250,N/A,N/A,TCP,1514
856,2025-04-10 15:19:43.436250,N/A,N/A,TCP,1514
857,2025-04-10 15:19:43.436285,N/A,N/A,TCP,74
858,2025-04-10 15:19:43.436470,N/A,N/A,TCP,1514
859,2025-04-10 15:19:43.436470,N/A,N/A,TCP,1514
860,2025-04-10 15:19:43.436470,N/A,N/A,TCP,1514
861,2025-04-10 15:19:43.436591,N/A,N/A,TCP,74
862,2025-04-10 15:19:43.436640,N/A,N/A,TCP,1514
863,2025-04-10 15:19:43.436640,N/A,N/A,TCP,1514
864,2025-04-10 15:19:43.436640,N/A,N/A,TCP,5834
865,2025-04-10 15:19:43.436660,N/A,N/A,TCP,74
866,2025-04-10 15:19:43.436690,N/A,N/A,TCP,5834
867,2025-04-10 15:19:43.436705,N/A,N/A,TCP,74
868,2025-04-10 15:19:43.436961,N/A,N/A,TCP,2954
869,2025-04-10 15:19:43.436983,N/A,N/A,TCP,74
870,2025-04-10 15:19:43.438074,N/A,N/A,TCP,1514
871,2025-04-10 15:19:43.438074,N/A,N/A,TCP,1514
872,2025-04-10 15:19:43.438074,N/A,N/A,TCP,1514
873,2025-04-10 15:19:43.438074,N/A,N/A,TCP,1514
874,2025-04-10 15:19:43.438111,N/A,N/A,TCP,74
875,2025-04-10 15:19:43.438165,N/A,N/A,TCP,1514
876,2025-04-10 15:19:43.438165,N/A,N/A,TCP,1514
877,2025-04-10 15:19:43.438165,N/A,N/A,TCP,1514
878,2025-04-10 15:19:43.438165,N/A,N/A,TCP,1514
879,2025-04-10 15:19:43.438321,N/A,N/A,TCP,74
880,2025-04-10 15:19:43.438355,N/A,N/A,TCP,1514
881,2025-04-10 15:19:43.438355,N/A,N/A,TCP,1514
882,2025-04-10 15:19:43.438367,N/A,N/A,TCP,74
883,2025-04-10 15:19:43.438584,N/A,N/A,TCP,1514
884,2025-04-10 15:19:43.438584,N/A,N/A,TCP,1514
885,2025-04-10 15:19:43.438584,N/A,N/A,TCP,1514
886,2025-04-10 15:19:43.438584,N/A,N/A,TCP,1514
887,2025-04-10 15:19:43.438609,N/A,N/A,TCP,74
888,2025-04-10 15:19:43.438643,N/A,N/A,TCP,1514
889,2025-04-10 15:19:43.438643,N/A,N/A,TCP,1514
890,2025-04-10 15:19:43.438643,N/A,N/A,TCP,1514
891,2025-04-10 15:19:43.438659,N/A,N/A,TCP,74
892,2025-04-10 15:19:43.438794,N/A,N/A,TCP,5834
893,2025-04-10 15:19:43.438810,N/A,N/A,TCP,74
894,2025-04-10 15:19:43.438834,N/A,N/A,TCP,2954
895,2025-04-10 15:19:43.438845,N/A,N/A,TCP,74
896,2025-04-10 15:19:43.438873,N/A,N/A,TCP,7274
897,2025-04-10 15:19:43.438885,N/A,N/A,TCP,74
898,2025-04-10 15:19:43.441031,N/A,N/A,TCP,1514
899,2025-04-10 15:19:43.441031,N/A,N/A,TCP,1514
900,2025-04-10 15:19:43.441069,N/A,N/A,TCP,74
901,2025-04-10 15:19:43.441163,N/A,N/A,TCP,1514
902,2025-04-10 15:19:43.441163,N/A,N/A,TCP,1514
903,2025-04-10 15:19:43.441183,N/A,N/A,TCP,74
904,2025-04-10 15:19:43.441393,N/A,N/A,TCP,5834
905,2025-04-10 15:19:43.441412,N/A,N/A,TCP,74
906,2025-04-10 15:19:43.441577,N/A,N/A,TCP,8714
907,2025-04-10 15:19:43.441590,N/A,N/A,TCP,74
908,2025-04-10 15:19:43.441776,N/A,N/A,TCP,5834
909,2025-04-10 15:19:43.441796,N/A,N/A,TCP,74
910,2025-04-10 15:19:43.441830,N/A,N/A,TCP,2954
911,2025-04-10 15:19:43.441843,N/A,N/A,TCP,74
912,2025-04-10 15:19:43.441987,N/A,N/A,TCP,5834
913,2025-04-10 15:19:43.442003,N/A,N/A,TCP,74
914,2025-04-10 15:19:43.442029,N/A,N/A,TCP,2954
915,2025-04-10 15:19:43.442040,N/A,N/A,TCP,74
916,2025-04-10 15:19:43.442267,N/A,N/A,TCP,5834
917,2025-04-10 15:19:43.442285,N/A,N/A,TCP,74
918,2025-04-10 15:19:43.442310,N/A,N/A,TCP,2954
919,2025-04-10 15:19:43.442321,N/A,N/A,TCP,74
920,2025-04-10 15:19:43.442522,N/A,N/A,TCP,2954
921,2025-04-10 15:19:43.442538,N/A,N/A,TCP,74
922,2025-04-10 15:19:43.442938,N/A,N/A,TCP,1514
923,2025-04-10 15:19:43.442938,N/A,N/A,TCP,1514
924,2025-04-10 15:19:43.442938,N/A,N/A,TCP,1514
925,2025-04-10 15:19:43.442938,N/A,N/A,TCP,1514
926,2025-04-10 15:19:43.442960,N/A,N/A,TCP,74
927,2025-04-10 15:19:43.442994,N/A,N/A,TCP,1514
928,2025-04-10 15:19:43.442994,N/A,N/A,TCP,1514
929,2025-04-10 15:19:43.443002,N/A,N/A,TCP,74
930,2025-04-10 15:19:43.443192,N/A,N/A,TCP,1514
931,2025-04-10 15:19:43.443192,N/A,N/A,TCP,1514
932,2025-04-10 15:19:43.443192,N/A,N/A,TCP,1514
933,2025-04-10 15:19:43.443192,N/A,N/A,TCP,1514
934,2025-04-10 15:19:43.443219,N/A,N/A,TCP,74
935,2025-04-10 15:19:43.443640,N/A,N/A,TCP,1514
936,2025-04-10 15:19:43.443640,N/A,N/A,TCP,1514
937,2025-04-10 15:19:43.443640,N/A,N/A,TCP,618
938,2025-04-10 15:19:43.443768,N/A,N/A,TCP,74
939,2025-04-10 15:19:43.445716,N/A,N/A,TCP,1514
940,2025-04-10 15:19:43.445716,N/A,N/A,TCP,1514
941,2025-04-10 15:19:43.445716,N/A,N/A,TCP,1514
942,2025-04-10 15:19:43.445761,N/A,N/A,TCP,74
943,2025-04-10 15:19:43.445811,N/A,N/A,TCP,1514
944,2025-04-10 15:19:43.445811,N/A,N/A,TCP,1514
945,2025-04-10 15:19:43.445831,N/A,N/A,TCP,74
946,2025-04-10 15:19:43.445860,N/A,N/A,TCP,1514
947,2025-04-10 15:19:43.445860,N/A,N/A,TCP,1514
948,2025-04-10 15:19:43.445860,N/A,N/A,TCP,1514
949,2025-04-10 15:19:43.445860,N/A,N/A,TCP,1514
950,2025-04-10 15:19:43.445877,N/A,N/A,TCP,74
951,2025-04-10 15:19:43.445964,N/A,N/A,TCP,1514
952,2025-04-10 15:19:43.445964,N/A,N/A,TCP,1514
953,2025-04-10 15:19:43.445964,N/A,N/A,TCP,1514
954,2025-04-10 15:19:43.445964,N/A,N/A,TCP,1514
955,2025-04-10 15:19:43.445991,N/A,N/A,TCP,74
956,2025-04-10 15:19:43.446141,N/A,N/A,TCP,2954
957,2025-04-10 15:19:43.446165,N/A,N/A,TCP,74
958,2025-04-10 15:19:43.446233,N/A,N/A,TCP,5834
959,2025-04-10 15:19:43.446251,N/A,N/A,TCP,74
960,2025-04-10 15:19:43.448983,N/A,N/A,TCP,1514
961,2025-04-10 15:19:43.448983,N/A,N/A,TCP,1514
962,2025-04-10 15:19:43.448983,N/A,N/A,TCP,1514
963,2025-04-10 15:19:43.449037,N/A,N/A,TCP,74
964,2025-04-10 15:19:43.449120,N/A,N/A,TCP,1514
965,2025-04-10 15:19:43.449120,N/A,N/A,TCP,1514
966,2025-04-10 15:19:43.449120,N/A,N/A,TCP,1514
967,2025-04-10 15:19:43.449120,N/A,N/A,TCP,1514
968,2025-04-10 15:19:43.449120,N/A,N/A,TCP,1514
969,2025-04-10 15:19:43.449120,N/A,N/A,TCP,2954
970,2025-04-10 15:19:43.449157,N/A,N/A,TCP,74
971,2025-04-10 15:19:43.449194,N/A,N/A,TCP,2954
972,2025-04-10 15:19:43.449203,N/A,N/A,TCP,74
973,2025-04-10 15:19:43.449401,N/A,N/A,TCP,2954
974,2025-04-10 15:19:43.449428,N/A,N/A,TCP,74
975,2025-04-10 15:19:43.449611,N/A,N/A,TCP,5834
976,2025-04-10 15:19:43.449632,N/A,N/A,TCP,74
977,2025-04-10 15:19:43.449665,N/A,N/A,TCP,2954
978,2025-04-10 15:19:43.449677,N/A,N/A,TCP,74
979,2025-04-10 15:19:43.449859,N/A,N/A,TCP,5834
980,2025-04-10 15:19:43.449872,N/A,N/A,TCP,74
981,2025-04-10 15:19:43.449900,N/A,N/A,TCP,970
982,2025-04-10 15:19:43.452577,N/A,N/A,TCP,1514
983,2025-04-10 15:19:43.452577,N/A,N/A,TCP,1514
984,2025-04-10 15:19:43.452577,N/A,N/A,TCP,1514
985,2025-04-10 15:19:43.452612,N/A,N/A,TCP,74
986,2025-04-10 15:19:43.452698,N/A,N/A,TCP,1257
987,2025-04-10 15:19:43.503621,N/A,N/A,TCP,74
988,2025-04-10 15:19:44.126890,N/A,N/A,UDP,1240
989,2025-04-10 15:19:44.162509,N/A,N/A,UDP,90
990,2025-04-10 15:19:44.202524,N/A,N/A,UDP,84
991,2025-04-10 15:19:44.202819,N/A,N/A,UDP,95
992,2025-04-10 15:19:44.373593,N/A,N/A,UDP,91
993,2025-04-10 15:19:44.385062,N/A,N/A,UDP,262
994,2025-04-10 15:19:44.425270,N/A,N/A,UDP,173
995,2025-04-10 15:19:44.425593,N/A,N/A,UDP,99
996,2025-04-10 15:19:44.435855,N/A,N/A,UDP,1288
997,2025-04-10 15:19:44.435930,N/A,N/A,UDP,150
998,2025-04-10 15:19:44.446054,N/A,N/A,UDP,89
999,2025-04-10 15:19:44.471283,N/A,N/A,UDP,86
1000,2025-04-10 15:19:44.471591,N/A,N/A,UDP,93
1001,2025-04-10 15:19:44.664023,N/A,N/A,UDP,245
1002,2025-04-10 15:19:44.694065,N/A,N/A,UDP,98
1003,2025-04-10 15:19:44.728292,N/A,N/A,UDP,86
1004,2025-04-10 15:19:45.153763,192.168.29.73,35.174.127.31,TCP,295
1005,2025-04-10 15:19:45.526698,35.174.127.31,192.168.29.73,TCP,54
1006,2025-04-10 15:19:45.531367,35.174.127.31,192.168.29.73,TCP,317
1007,2025-04-10 15:19:45.573404,192.168.29.73,35.174.127.31,TCP,54
1008,2025-04-10 15:19:47.224044,192.168.29.1,224.0.0.1,,50
1009,2025-04-10 15:19:47.329151,192.168.29.73,148.113.20.116,TCP,55
1010,2025-04-10 15:19:47.371406,148.113.20.116,192.168.29.73,TCP,66
1011,2025-04-10 15:19:48.983854,N/A,N/A,TCP,74
1012,2025-04-10 15:19:48.990086,N/A,N/A,TCP,98
1013,2025-04-10 15:19:48.990086,N/A,N/A,TCP,74
1014,2025-04-10 15:19:48.990137,N/A,N/A,TCP,74
1015,2025-04-10 15:19:51.266929,192.168.29.73,224.0.0.22,,54
1016,2025-04-10 15:19:51.768918,192.168.29.73,224.0.0.22,,54
1017,2025-04-10 15:19:53.279483,192.168.29.73,224.0.0.22,,54
1018,2025-04-10 15:19:53.576785,N/A,N/A,TCP,86
1019,2025-04-10 15:19:53.584559,N/A,N/A,TCP,86
1020,2025-04-10 15:19:53.584648,N/A,N/A,TCP,74
1021,2025-04-10 15:19:53.585151,N/A,N/A,TCP,1418
1022,2025-04-10 15:19:53.585151,N/A,N/A,TCP,782
1023,2025-04-10 15:19:53.594437,N/A,N/A,TCP,344
1024,2025-04-10 15:19:53.594877,N/A,N/A,TCP,154
1025,2025-04-10 15:19:53.595054,N/A,N/A,TCP,883
1026,2025-04-10 15:19:53.602116,N/A,N/A,TCP,74
1027,2025-04-10 15:19:53.602116,N/A,N/A,TCP,74
1028,2025-04-10 15:19:53.609948,N/A,N/A,TCP,377
1029,2025-04-10 15:19:53.653614,N/A,N/A,TCP,74
1030,2025-04-10 15:19:53.711498,N/A,N/A,TCP,1514
1031,2025-04-10 15:19:53.711498,N/A,N/A,TCP,1514
1032,2025-04-10 15:19:53.711498,N/A,N/A,TCP,1514
1033,2025-04-10 15:19:53.711498,N/A,N/A,TCP,1514
1034,2025-04-10 15:19:53.711498,N/A,N/A,TCP,1514
1035,2025-04-10 15:19:53.711498,N/A,N/A,TCP,1514
1036,2025-04-10 15:19:53.711498,N/A,N/A,TCP,1514
1037,2025-04-10 15:19:53.711498,N/A,N/A,TCP,2954
1038,2025-04-10 15:19:53.711566,N/A,N/A,TCP,74
1039,2025-04-10 15:19:53.713441,N/A,N/A,TCP,2954
1040,2025-04-10 15:19:53.713441,N/A,N/A,TCP,640
1041,2025-04-10 15:19:53.713441,N/A,N/A,TCP,18794
1042,2025-04-10 15:19:53.713491,N/A,N/A,TCP,74
1043,2025-04-10 15:19:53.713578,N/A,N/A,TCP,1032
1044,2025-04-10 15:19:53.713578,N/A,N/A,TCP,24554
1045,2025-04-10 15:19:53.713599,N/A,N/A,TCP,74
1046,2025-04-10 15:19:53.713745,N/A,N/A,TCP,5834
1047,2025-04-10 15:19:53.713763,N/A,N/A,TCP,74
1048,2025-04-10 15:19:53.717272,N/A,N/A,TCP,1514
1049,2025-04-10 15:19:53.717272,N/A,N/A,TCP,1514
1050,2025-04-10 15:19:53.717272,N/A,N/A,TCP,1514
1051,2025-04-10 15:19:53.717314,N/A,N/A,TCP,74
1052,2025-04-10 15:19:53.717662,N/A,N/A,TCP,1514
1053,2025-04-10 15:19:53.717662,N/A,N/A,TCP,1514
1054,2025-04-10 15:19:53.717662,N/A,N/A,TCP,1514
1055,2025-04-10 15:19:53.717662,N/A,N/A,TCP,1514
1056,2025-04-10 15:19:53.717694,N/A,N/A,TCP,74
1057,2025-04-10 15:19:53.717742,N/A,N/A,TCP,2954
1058,2025-04-10 15:19:53.717761,N/A,N/A,TCP,74
1059,2025-04-10 15:19:53.717922,N/A,N/A,TCP,5834
1060,2025-04-10 15:19:53.718070,N/A,N/A,TCP,74
1061,2025-04-10 15:19:53.718108,N/A,N/A,TCP,2954
1062,2025-04-10 15:19:53.718120,N/A,N/A,TCP,74
1063,2025-04-10 15:19:53.718434,N/A,N/A,TCP,2954
1064,2025-04-10 15:19:53.718452,N/A,N/A,TCP,74
1065,2025-04-10 15:19:53.721499,N/A,N/A,TCP,1514
1066,2025-04-10 15:19:53.721499,N/A,N/A,TCP,1514
1067,2025-04-10 15:19:53.721499,N/A,N/A,TCP,1514
1068,2025-04-10 15:19:53.721533,N/A,N/A,TCP,74
1069,2025-04-10 15:19:53.721578,N/A,N/A,TCP,1514
1070,2025-04-10 15:19:53.721578,N/A,N/A,TCP,1514
1071,2025-04-10 15:19:53.721602,N/A,N/A,TCP,74
1072,2025-04-10 15:19:53.721636,N/A,N/A,TCP,5834
1073,2025-04-10 15:19:53.721650,N/A,N/A,TCP,74
1074,2025-04-10 15:19:53.721880,N/A,N/A,TCP,5834
1075,2025-04-10 15:19:53.722002,N/A,N/A,TCP,74
1076,2025-04-10 15:19:53.722055,N/A,N/A,TCP,8714
1077,2025-04-10 15:19:53.722071,N/A,N/A,TCP,74
1078,2025-04-10 15:19:53.722107,N/A,N/A,TCP,5834
1079,2025-04-10 15:19:53.722118,N/A,N/A,TCP,74
1080,2025-04-10 15:19:53.722175,N/A,N/A,TCP,2954
1081,2025-04-10 15:19:53.722194,N/A,N/A,TCP,74
1082,2025-04-10 15:19:53.722536,N/A,N/A,TCP,4394
1083,2025-04-10 15:19:53.722561,N/A,N/A,TCP,74
1084,2025-04-10 15:19:53.723322,N/A,N/A,TCP,1514
1085,2025-04-10 15:19:53.723322,N/A,N/A,TCP,1514
1086,2025-04-10 15:19:53.723322,N/A,N/A,TCP,1514
1087,2025-04-10 15:19:53.723322,N/A,N/A,TCP,1514
1088,2025-04-10 15:19:53.723352,N/A,N/A,TCP,74
1089,2025-04-10 15:19:53.723388,N/A,N/A,TCP,1514
1090,2025-04-10 15:19:53.723388,N/A,N/A,TCP,1514
1091,2025-04-10 15:19:53.723400,N/A,N/A,TCP,74
1092,2025-04-10 15:19:53.723659,N/A,N/A,TCP,1514
1093,2025-04-10 15:19:53.723659,N/A,N/A,TCP,1514
1094,2025-04-10 15:19:53.723659,N/A,N/A,TCP,1514
1095,2025-04-10 15:19:53.723659,N/A,N/A,TCP,1514
1096,2025-04-10 15:19:53.723687,N/A,N/A,TCP,74
1097,2025-04-10 15:19:53.723720,N/A,N/A,TCP,1514
1098,2025-04-10 15:19:53.723720,N/A,N/A,TCP,1514
1099,2025-04-10 15:19:53.723720,N/A,N/A,TCP,1514
1100,2025-04-10 15:19:53.723720,N/A,N/A,TCP,1514
1101,2025-04-10 15:19:53.723766,N/A,N/A,TCP,74
1102,2025-04-10 15:19:53.723865,N/A,N/A,TCP,1514
1103,2025-04-10 15:19:53.723865,N/A,N/A,TCP,1514
1104,2025-04-10 15:19:53.723865,N/A,N/A,TCP,1514
1105,2025-04-10 15:19:53.723892,N/A,N/A,TCP,74
1106,2025-04-10 15:19:53.723930,N/A,N/A,TCP,8714
1107,2025-04-10 15:19:53.723947,N/A,N/A,TCP,74
1108,2025-04-10 15:19:53.724097,N/A,N/A,TCP,5834
1109,2025-04-10 15:19:53.724116,N/A,N/A,TCP,74
1110,2025-04-10 15:19:53.724154,N/A,N/A,TCP,2954
1111,2025-04-10 15:19:53.724168,N/A,N/A,TCP,74
1112,2025-04-10 15:19:53.724191,N/A,N/A,TCP,5834
1113,2025-04-10 15:19:53.724212,N/A,N/A,TCP,74
1114,2025-04-10 15:19:53.725428,N/A,N/A,TCP,1514
1115,2025-04-10 15:19:53.725468,N/A,N/A,TCP,74
1116,2025-04-10 15:19:53.725700,N/A,N/A,TCP,1514
1117,2025-04-10 15:19:53.725700,N/A,N/A,TCP,1514
1118,2025-04-10 15:19:53.725700,N/A,N/A,TCP,1514
1119,2025-04-10 15:19:53.725700,N/A,N/A,TCP,1514
1120,2025-04-10 15:19:53.725828,N/A,N/A,TCP,74
1121,2025-04-10 15:19:53.725901,N/A,N/A,TCP,1514
1122,2025-04-10 15:19:53.725901,N/A,N/A,TCP,1514
1123,2025-04-10 15:19:53.725901,N/A,N/A,TCP,1514
1124,2025-04-10 15:19:53.725901,N/A,N/A,TCP,1514
1125,2025-04-10 15:19:53.725901,N/A,N/A,TCP,1514
1126,2025-04-10 15:19:53.725901,N/A,N/A,TCP,1514
1127,2025-04-10 15:19:53.725901,N/A,N/A,TCP,1514
1128,2025-04-10 15:19:53.725901,N/A,N/A,TCP,1514
1129,2025-04-10 15:19:53.725901,N/A,N/A,TCP,1514
1130,2025-04-10 15:19:53.725901,N/A,N/A,TCP,1514
1131,2025-04-10 15:19:53.725943,N/A,N/A,TCP,74
1132,2025-04-10 15:19:53.725988,N/A,N/A,TCP,1514
1133,2025-04-10 15:19:53.725988,N/A,N/A,TCP,618
1134,2025-04-10 15:19:53.725988,N/A,N/A,TCP,2954
1135,2025-04-10 15:19:53.726005,N/A,N/A,TCP,74
1136,2025-04-10 15:19:53.726168,N/A,N/A,TCP,2954
1137,2025-04-10 15:19:53.726192,N/A,N/A,TCP,74
1138,2025-04-10 15:19:53.726376,N/A,N/A,TCP,5834
1139,2025-04-10 15:19:53.726394,N/A,N/A,TCP,74
1140,2025-04-10 15:19:53.726432,N/A,N/A,TCP,5834
1141,2025-04-10 15:19:53.726446,N/A,N/A,TCP,74
1142,2025-04-10 15:19:53.726465,N/A,N/A,TCP,2954
1143,2025-04-10 15:19:53.726480,N/A,N/A,TCP,74
1144,2025-04-10 15:19:53.729410,N/A,N/A,TCP,1514
1145,2025-04-10 15:19:53.729410,N/A,N/A,TCP,1514
1146,2025-04-10 15:19:53.729410,N/A,N/A,TCP,1514
1147,2025-04-10 15:19:53.729444,N/A,N/A,TCP,74
1148,2025-04-10 15:19:53.733848,N/A,N/A,TCP,1514
1149,2025-04-10 15:19:53.733848,N/A,N/A,TCP,1514
1150,2025-04-10 15:19:53.733848,N/A,N/A,TCP,1514
1151,2025-04-10 15:19:53.733890,N/A,N/A,TCP,74
1152,2025-04-10 15:19:53.734065,N/A,N/A,TCP,1514
1153,2025-04-10 15:19:53.734065,N/A,N/A,TCP,5834
1154,2025-04-10 15:19:53.734087,N/A,N/A,TCP,74
1155,2025-04-10 15:19:53.734127,N/A,N/A,TCP,5834
1156,2025-04-10 15:19:53.734138,N/A,N/A,TCP,74
1157,2025-04-10 15:19:53.734167,N/A,N/A,TCP,2954
1158,2025-04-10 15:19:53.734180,N/A,N/A,TCP,74
1159,2025-04-10 15:19:53.734544,N/A,N/A,TCP,2954
1160,2025-04-10 15:19:53.734573,N/A,N/A,TCP,74
1161,2025-04-10 15:19:53.735570,N/A,N/A,TCP,1514
1162,2025-04-10 15:19:53.735570,N/A,N/A,TCP,1514
1163,2025-04-10 15:19:53.735570,N/A,N/A,TCP,1514
1164,2025-04-10 15:19:53.735570,N/A,N/A,TCP,1514
1165,2025-04-10 15:19:53.735602,N/A,N/A,TCP,74
1166,2025-04-10 15:19:53.735637,N/A,N/A,TCP,1514
1167,2025-04-10 15:19:53.735637,N/A,N/A,TCP,1514
1168,2025-04-10 15:19:53.735650,N/A,N/A,TCP,74
1169,2025-04-10 15:19:53.735691,N/A,N/A,TCP,1514
1170,2025-04-10 15:19:53.735691,N/A,N/A,TCP,1514
1171,2025-04-10 15:19:53.735703,N/A,N/A,TCP,74
1172,2025-04-10 15:19:53.735788,N/A,N/A,TCP,1514
1173,2025-04-10 15:19:53.735788,N/A,N/A,TCP,1514
1174,2025-04-10 15:19:53.735788,N/A,N/A,TCP,1514
1175,2025-04-10 15:19:53.735788,N/A,N/A,TCP,1514
1176,2025-04-10 15:19:53.735809,N/A,N/A,TCP,74
1177,2025-04-10 15:19:53.735953,N/A,N/A,TCP,1514
1178,2025-04-10 15:19:53.735953,N/A,N/A,TCP,1514
1179,2025-04-10 15:19:53.735975,N/A,N/A,TCP,74
1180,2025-04-10 15:19:53.736203,N/A,N/A,TCP,1514
1181,2025-04-10 15:19:53.736203,N/A,N/A,TCP,1514
1182,2025-04-10 15:19:53.736203,N/A,N/A,TCP,1514
1183,2025-04-10 15:19:53.736228,N/A,N/A,TCP,74
1184,2025-04-10 15:19:53.736269,N/A,N/A,TCP,8714
1185,2025-04-10 15:19:53.736287,N/A,N/A,TCP,74
1186,2025-04-10 15:19:53.736316,N/A,N/A,TCP,5834
1187,2025-04-10 15:19:53.736328,N/A,N/A,TCP,74
1188,2025-04-10 15:19:53.736355,N/A,N/A,TCP,2954
1189,2025-04-10 15:19:53.736372,N/A,N/A,TCP,74
1190,2025-04-10 15:19:53.736393,N/A,N/A,TCP,2954
1191,2025-04-10 15:19:53.736403,N/A,N/A,TCP,74
1192,2025-04-10 15:19:53.736457,N/A,N/A,TCP,2954
1193,2025-04-10 15:19:53.736474,N/A,N/A,TCP,74
1194,2025-04-10 15:19:53.736725,N/A,N/A,TCP,2954
1195,2025-04-10 15:19:53.736743,N/A,N/A,TCP,74
1196,2025-04-10 15:19:53.736906,N/A,N/A,TCP,5834
1197,2025-04-10 15:19:53.736927,N/A,N/A,TCP,74
1198,2025-04-10 15:19:53.736968,N/A,N/A,TCP,8714
1199,2025-04-10 15:19:53.736983,N/A,N/A,TCP,74
1200,2025-04-10 15:19:53.737012,N/A,N/A,TCP,2954
1201,2025-04-10 15:19:53.737025,N/A,N/A,TCP,74
1202,2025-04-10 15:19:53.737085,N/A,N/A,TCP,2954
1203,2025-04-10 15:19:53.737103,N/A,N/A,TCP,74
1204,2025-04-10 15:19:53.737139,N/A,N/A,TCP,2954
1205,2025-04-10 15:19:53.737153,N/A,N/A,TCP,74
1206,2025-04-10 15:19:53.737429,N/A,N/A,TCP,2954
1207,2025-04-10 15:19:53.737429,N/A,N/A,TCP,725
1208,2025-04-10 15:19:53.737454,N/A,N/A,TCP,74
1209,2025-04-10 15:19:55.766890,192.168.29.73,224.0.0.22,,54
1210,2025-04-10 15:19:56.913854,N/A,N/A,TCP,117
1211,2025-04-10 15:19:56.922851,N/A,N/A,TCP,74
1212,2025-04-10 15:19:57.032027,N/A,N/A,TCP,114
1213,2025-04-10 15:19:57.073578,N/A,N/A,TCP,74
1214,2025-04-10 15:19:57.373950,192.168.29.73,148.113.20.116,TCP,55
1215,2025-04-10 15:19:57.409084,148.113.20.116,192.168.29.73,TCP,54
1216,2025-04-10 15:19:57.409113,192.168.29.73,148.113.20.116,TCP,54
1217,2025-04-10 15:19:57.415463,148.113.20.116,192.168.29.73,TCP,66
1218,2025-04-10 15:19:58.175153,N/A,N/A,UDP,109
1219,2025-04-10 15:19:58.175534,N/A,N/A,UDP,109
1220,2025-04-10 15:19:58.175766,N/A,N/A,UDP,109
1221,2025-04-10 15:19:58.177421,N/A,N/A,UDP,137
1222,2025-04-10 15:19:58.179178,N/A,N/A,UDP,125
1223,2025-04-10 15:19:58.183708,N/A,N/A,UDP,166
1224,2025-04-10 15:19:58.185030,N/A,N/A,UDP,1292
1225,2025-04-10 15:19:58.185103,N/A,N/A,UDP,1292
1226,2025-04-10 15:19:58.185129,N/A,N/A,UDP,1292
1227,2025-04-10 15:19:58.186280,N/A,N/A,UDP,143
1228,2025-04-10 15:19:58.192393,N/A,N/A,UDP,102
1229,2025-04-10 15:19:58.192393,N/A,N/A,UDP,102
1230,2025-04-10 15:19:58.196745,N/A,N/A,UDP,1292
1231,2025-04-10 15:19:58.196745,N/A,N/A,UDP,1292
1232,2025-04-10 15:19:58.213927,N/A,N/A,UDP,1292
1233,2025-04-10 15:19:58.219763,N/A,N/A,UDP,1292
1234,2025-04-10 15:19:58.253759,N/A,N/A,UDP,1292
1235,2025-04-10 15:19:58.259494,N/A,N/A,UDP,1292
1236,2025-04-10 15:19:58.261059,N/A,N/A,UDP,1292
1237,2025-04-10 15:19:58.261059,N/A,N/A,UDP,368
1238,2025-04-10 15:19:58.261059,N/A,N/A,UDP,986
1239,2025-04-10 15:19:58.261059,N/A,N/A,UDP,133
1240,2025-04-10 15:19:58.261059,N/A,N/A,UDP,86
1241,2025-04-10 15:19:58.261657,N/A,N/A,UDP,140
1242,2025-04-10 15:19:58.261844,N/A,N/A,UDP,93
1243,2025-04-10 15:19:58.262245,N/A,N/A,UDP,1288
1244,2025-04-10 15:19:58.262296,N/A,N/A,UDP,1292
1245,2025-04-10 15:19:58.262312,N/A,N/A,UDP,1292
1246,2025-04-10 15:19:58.262330,N/A,N/A,UDP,1292
1247,2025-04-10 15:19:58.262348,N/A,N/A,UDP,1292
1248,2025-04-10 15:19:58.262363,N/A,N/A,UDP,1292
1249,2025-04-10 15:19:58.262377,N/A,N/A,UDP,1292
1250,2025-04-10 15:19:58.262397,N/A,N/A,UDP,1292
1251,2025-04-10 15:19:58.262414,N/A,N/A,UDP,1292
1252,2025-04-10 15:19:58.262442,N/A,N/A,UDP,1292
1253,2025-04-10 15:19:58.262465,N/A,N/A,UDP,1292
1254,2025-04-10 15:19:58.262487,N/A,N/A,UDP,1292
1255,2025-04-10 15:19:58.262509,N/A,N/A,UDP,1292
1256,2025-04-10 15:19:58.262533,N/A,N/A,UDP,1292
1257,2025-04-10 15:19:58.262554,N/A,N/A,UDP,1292
1258,2025-04-10 15:19:58.267507,N/A,N/A,UDP,182
1259,2025-04-10 15:19:58.267507,N/A,N/A,UDP,91
1260,2025-04-10 15:19:58.267760,N/A,N/A,UDP,1292
1261,2025-04-10 15:19:58.267826,N/A,N/A,UDP,1292
1262,2025-04-10 15:19:58.267848,N/A,N/A,UDP,1292
1263,2025-04-10 15:19:58.267867,N/A,N/A,UDP,1292
1264,2025-04-10 15:19:58.267888,N/A,N/A,UDP,1292
1265,2025-04-10 15:19:58.267911,N/A,N/A,UDP,1292
1266,2025-04-10 15:19:58.267932,N/A,N/A,UDP,1292
1267,2025-04-10 15:19:58.267956,N/A,N/A,UDP,1292
1268,2025-04-10 15:19:58.267982,N/A,N/A,UDP,1292
1269,2025-04-10 15:19:58.268010,N/A,N/A,UDP,1292
1270,2025-04-10 15:19:58.268032,N/A,N/A,UDP,1292
1271,2025-04-10 15:19:58.268059,N/A,N/A,UDP,1292
1272,2025-04-10 15:19:58.268088,N/A,N/A,UDP,1292
1273,2025-04-10 15:19:58.268110,N/A,N/A,UDP,1292
1274,2025-04-10 15:19:58.268135,N/A,N/A,UDP,1292
1275,2025-04-10 15:19:58.268156,N/A,N/A,UDP,1292
1276,2025-04-10 15:19:58.268179,N/A,N/A,UDP,1292
1277,2025-04-10 15:19:58.268201,N/A,N/A,UDP,1292
1278,2025-04-10 15:19:58.268220,N/A,N/A,UDP,1292
1279,2025-04-10 15:19:58.268235,N/A,N/A,UDP,1292
1280,2025-04-10 15:19:58.268249,N/A,N/A,UDP,1292
1281,2025-04-10 15:19:58.268265,N/A,N/A,UDP,1292
1282,2025-04-10 15:19:58.268284,N/A,N/A,UDP,1292
1283,2025-04-10 15:19:58.268305,N/A,N/A,UDP,1292
1284,2025-04-10 15:19:58.268331,N/A,N/A,UDP,1292
1285,2025-04-10 15:19:58.273159,N/A,N/A,UDP,87
1286,2025-04-10 15:19:58.273159,N/A,N/A,UDP,87
1287,2025-04-10 15:19:58.273208,N/A,N/A,UDP,87
1288,2025-04-10 15:19:58.273208,N/A,N/A,UDP,87
1289,2025-04-10 15:19:58.273208,N/A,N/A,UDP,87
1290,2025-04-10 15:19:58.273305,N/A,N/A,UDP,1292
1291,2025-04-10 15:19:58.273363,N/A,N/A,UDP,1292
1292,2025-04-10 15:19:58.273386,N/A,N/A,UDP,1292
1293,2025-04-10 15:19:58.273439,N/A,N/A,UDP,1292
1294,2025-04-10 15:19:58.273465,N/A,N/A,UDP,1292
1295,2025-04-10 15:19:58.273488,N/A,N/A,UDP,1292
1296,2025-04-10 15:19:58.273510,N/A,N/A,UDP,1292
1297,2025-04-10 15:19:58.273550,N/A,N/A,UDP,1292
1298,2025-04-10 15:19:58.273579,N/A,N/A,UDP,1292
1299,2025-04-10 15:19:58.273613,N/A,N/A,UDP,1292
1300,2025-04-10 15:19:58.273638,N/A,N/A,UDP,1292
1301,2025-04-10 15:19:58.273679,N/A,N/A,UDP,1292
1302,2025-04-10 15:19:58.273700,N/A,N/A,UDP,1292
1303,2025-04-10 15:19:58.273726,N/A,N/A,UDP,1292
1304,2025-04-10 15:19:58.273749,N/A,N/A,UDP,1292
1305,2025-04-10 15:19:58.280855,N/A,N/A,UDP,87
1306,2025-04-10 15:19:58.280855,N/A,N/A,UDP,87
1307,2025-04-10 15:19:58.280855,N/A,N/A,UDP,87
1308,2025-04-10 15:19:58.280855,N/A,N/A,UDP,87
1309,2025-04-10 15:19:58.280855,N/A,N/A,UDP,87
1310,2025-04-10 15:19:58.280855,N/A,N/A,UDP,87
1311,2025-04-10 15:19:58.280855,N/A,N/A,UDP,87
1312,2025-04-10 15:19:58.280855,N/A,N/A,UDP,87
1313,2025-04-10 15:19:58.280855,N/A,N/A,UDP,87
1314,2025-04-10 15:19:58.281052,N/A,N/A,UDP,1292
1315,2025-04-10 15:19:58.281111,N/A,N/A,UDP,1292
1316,2025-04-10 15:19:58.281126,N/A,N/A,UDP,1292
1317,2025-04-10 15:19:58.281139,N/A,N/A,UDP,1292
1318,2025-04-10 15:19:58.281155,N/A,N/A,UDP,1292
1319,2025-04-10 15:19:58.281170,N/A,N/A,UDP,1292
1320,2025-04-10 15:19:58.281184,N/A,N/A,UDP,1292
1321,2025-04-10 15:19:58.281203,N/A,N/A,UDP,1292
1322,2025-04-10 15:19:58.281217,N/A,N/A,UDP,1292
1323,2025-04-10 15:19:58.281233,N/A,N/A,UDP,1292
1324,2025-04-10 15:19:58.281278,N/A,N/A,UDP,1292
1325,2025-04-10 15:19:58.281302,N/A,N/A,UDP,1292
1326,2025-04-10 15:19:58.281321,N/A,N/A,UDP,1292
1327,2025-04-10 15:19:58.281349,N/A,N/A,UDP,1292
1328,2025-04-10 15:19:58.281394,N/A,N/A,UDP,1292
1329,2025-04-10 15:19:58.281423,N/A,N/A,UDP,1292
1330,2025-04-10 15:19:58.284829,N/A,N/A,UDP,88
1331,2025-04-10 15:19:58.284829,N/A,N/A,UDP,88
1332,2025-04-10 15:19:58.284829,N/A,N/A,UDP,86
1333,2025-04-10 15:19:58.284829,N/A,N/A,UDP,85
1334,2025-04-10 15:19:58.284829,N/A,N/A,UDP,87
1335,2025-04-10 15:19:58.284829,N/A,N/A,UDP,92
1336,2025-04-10 15:19:58.284829,N/A,N/A,UDP,87
1337,2025-04-10 15:19:58.284829,N/A,N/A,UDP,87
1338,2025-04-10 15:19:58.284907,N/A,N/A,UDP,87
1339,2025-04-10 15:19:58.284907,N/A,N/A,UDP,87
1340,2025-04-10 15:19:58.284907,N/A,N/A,UDP,87
1341,2025-04-10 15:19:58.284907,N/A,N/A,UDP,87
1342,2025-04-10 15:19:58.284907,N/A,N/A,UDP,87
1343,2025-04-10 15:19:58.284907,N/A,N/A,UDP,88
1344,2025-04-10 15:19:58.285161,N/A,N/A,UDP,1292
1345,2025-04-10 15:19:58.285268,N/A,N/A,UDP,1292
1346,2025-04-10 15:19:58.285279,N/A,N/A,UDP,88
1347,2025-04-10 15:19:58.285279,N/A,N/A,UDP,88
1348,2025-04-10 15:19:58.285306,N/A,N/A,UDP,1292
1349,2025-04-10 15:19:58.285366,N/A,N/A,UDP,1292
1350,2025-04-10 15:19:58.285551,N/A,N/A,UDP,1292
1351,2025-04-10 15:19:58.285580,N/A,N/A,UDP,1292
1352,2025-04-10 15:19:58.285595,N/A,N/A,UDP,89
1353,2025-04-10 15:19:58.285604,N/A,N/A,UDP,1292
1354,2025-04-10 15:19:58.285693,N/A,N/A,UDP,1292
1355,2025-04-10 15:19:58.285723,N/A,N/A,UDP,1292
1356,2025-04-10 15:19:58.287056,N/A,N/A,UDP,89
1357,2025-04-10 15:19:58.287056,N/A,N/A,UDP,89
1358,2025-04-10 15:19:58.287106,N/A,N/A,UDP,89
1359,2025-04-10 15:19:58.287106,N/A,N/A,UDP,89
1360,2025-04-10 15:19:58.287106,N/A,N/A,UDP,89
1361,2025-04-10 15:19:58.287106,N/A,N/A,UDP,89
1362,2025-04-10 15:19:58.287106,N/A,N/A,UDP,87
1363,2025-04-10 15:19:58.287106,N/A,N/A,UDP,86
1364,2025-04-10 15:19:58.287106,N/A,N/A,UDP,91
1365,2025-04-10 15:19:58.287181,N/A,N/A,UDP,1292
1366,2025-04-10 15:19:58.287226,N/A,N/A,UDP,1292
1367,2025-04-10 15:19:58.287240,N/A,N/A,UDP,1292
1368,2025-04-10 15:19:58.287252,N/A,N/A,UDP,1292
1369,2025-04-10 15:19:58.287266,N/A,N/A,UDP,99
1370,2025-04-10 15:19:58.287286,N/A,N/A,UDP,1292
1371,2025-04-10 15:19:58.287302,N/A,N/A,UDP,760
1372,2025-04-10 15:19:58.292012,N/A,N/A,UDP,86
1373,2025-04-10 15:19:58.292012,N/A,N/A,UDP,86
1374,2025-04-10 15:19:58.292083,N/A,N/A,UDP,86
1375,2025-04-10 15:19:58.292083,N/A,N/A,UDP,87
1376,2025-04-10 15:19:58.292083,N/A,N/A,UDP,87
1377,2025-04-10 15:19:58.292083,N/A,N/A,UDP,87
1378,2025-04-10 15:19:58.292083,N/A,N/A,UDP,89
1379,2025-04-10 15:19:58.292593,N/A,N/A,UDP,90
1380,2025-04-10 15:19:58.292593,N/A,N/A,UDP,90
1381,2025-04-10 15:19:58.292643,N/A,N/A,UDP,88
1382,2025-04-10 15:19:58.292643,N/A,N/A,UDP,89
1383,2025-04-10 15:19:58.292643,N/A,N/A,UDP,89
1384,2025-04-10 15:19:58.292643,N/A,N/A,UDP,87
1385,2025-04-10 15:19:58.292643,N/A,N/A,UDP,86
1386,2025-04-10 15:19:58.292643,N/A,N/A,UDP,86
1387,2025-04-10 15:19:58.292643,N/A,N/A,UDP,86
1388,2025-04-10 15:19:58.295466,N/A,N/A,UDP,86
1389,2025-04-10 15:19:58.313750,N/A,N/A,UDP,95
1390,2025-04-10 15:19:58.320904,N/A,N/A,UDP,86
1391,2025-04-10 15:19:58.533526,N/A,N/A,UDP,91
1392,2025-04-10 15:19:58.561308,N/A,N/A,UDP,93
1393,2025-04-10 15:19:58.593674,N/A,N/A,UDP,95
1394,2025-04-10 15:19:58.763300,N/A,N/A,UDP,91
1395,2025-04-10 15:19:58.798721,N/A,N/A,UDP,87
1396,2025-04-10 15:19:58.849102,N/A,N/A,UDP,554
1397,2025-04-10 15:19:58.855984,N/A,N/A,UDP,193
1398,2025-04-10 15:19:58.856295,N/A,N/A,UDP,98
1399,2025-04-10 15:19:58.890587,N/A,N/A,UDP,87
1400,2025-04-10 15:19:58.994500,N/A,N/A,TCP,74
1401,2025-04-10 15:19:59.000601,N/A,N/A,TCP,98
1402,2025-04-10 15:19:59.000601,N/A,N/A,TCP,74
1403,2025-04-10 15:19:59.000652,N/A,N/A,TCP,74
1404,2025-04-10 15:19:59.280347,N/A,N/A,TCP,75
1405,2025-04-10 15:19:59.359605,N/A,N/A,TCP,86
1406,2025-04-10 15:20:01.103606,192.168.29.73,192.168.29.255,UDP,92
1407,2025-04-10 15:20:01.153516,192.168.29.73,35.174.127.31,TCP,295
1408,2025-04-10 15:20:01.380520,N/A,N/A,UDP,112
1409,2025-04-10 15:20:01.380726,N/A,N/A,UDP,112
1410,2025-04-10 15:20:01.389755,N/A,N/A,UDP,287
1411,2025-04-10 15:20:01.389755,N/A,N/A,UDP,235
1412,2025-04-10 15:20:01.394512,192.168.29.73,13.89.178.26,TCP,66
1413,2025-04-10 15:20:01.461250,35.174.127.31,192.168.29.73,TCP,54
1414,2025-04-10 15:20:01.462321,35.174.127.31,192.168.29.73,TCP,318
1415,2025-04-10 15:20:01.514095,192.168.29.73,35.174.127.31,TCP,54
1416,2025-04-10 15:20:01.641035,13.89.178.26,192.168.29.73,TCP,66
1417,2025-04-10 15:20:01.641103,192.168.29.73,13.89.178.26,TCP,54
1418,2025-04-10 15:20:01.643960,192.168.29.73,13.89.178.26,TCP,253
1419,2025-04-10 15:20:01.734689,N/A,N/A,UDP,99
1420,2025-04-10 15:20:01.734898,N/A,N/A,UDP,99
1421,2025-04-10 15:20:01.734991,N/A,N/A,UDP,99
1422,2025-04-10 15:20:01.744821,N/A,N/A,UDP,151
1423,2025-04-10 15:20:01.744821,N/A,N/A,UDP,139
1424,2025-04-10 15:20:01.745376,N/A,N/A,UDP,173
1425,2025-04-10 15:20:01.746275,N/A,N/A,UDP,1292
1426,2025-04-10 15:20:01.746346,N/A,N/A,UDP,1292
1427,2025-04-10 15:20:01.746369,N/A,N/A,UDP,1292
1428,2025-04-10 15:20:01.747602,N/A,N/A,UDP,144
1429,2025-04-10 15:20:01.755554,N/A,N/A,UDP,102
1430,2025-04-10 15:20:01.755554,N/A,N/A,UDP,102
1431,2025-04-10 15:20:01.755554,N/A,N/A,UDP,1292
1432,2025-04-10 15:20:01.755554,N/A,N/A,UDP,1292
1433,2025-04-10 15:20:01.772080,N/A,N/A,UDP,1292
1434,2025-04-10 15:20:01.779745,N/A,N/A,UDP,1292
1435,2025-04-10 15:20:01.803413,N/A,N/A,UDP,1292
1436,2025-04-10 15:20:01.812466,N/A,N/A,UDP,1292
1437,2025-04-10 15:20:01.820705,N/A,N/A,UDP,1292
1438,2025-04-10 15:20:01.820705,N/A,N/A,UDP,366
1439,2025-04-10 15:20:01.820705,N/A,N/A,UDP,988
1440,2025-04-10 15:20:01.820705,N/A,N/A,UDP,111
1441,2025-04-10 15:20:01.820705,N/A,N/A,UDP,86
1442,2025-04-10 15:20:01.821276,N/A,N/A,UDP,140
1443,2025-04-10 15:20:01.821379,N/A,N/A,UDP,93
1444,2025-04-10 15:20:01.821563,N/A,N/A,UDP,1288
1445,2025-04-10 15:20:01.821584,N/A,N/A,UDP,1292
1446,2025-04-10 15:20:01.821597,N/A,N/A,UDP,1292
1447,2025-04-10 15:20:01.821611,N/A,N/A,UDP,1292
1448,2025-04-10 15:20:01.821625,N/A,N/A,UDP,1292
1449,2025-04-10 15:20:01.821637,N/A,N/A,UDP,1292
1450,2025-04-10 15:20:01.821651,N/A,N/A,UDP,1292
1451,2025-04-10 15:20:01.821665,N/A,N/A,UDP,1292
1452,2025-04-10 15:20:01.821679,N/A,N/A,UDP,1292
1453,2025-04-10 15:20:01.821700,N/A,N/A,UDP,1292
1454,2025-04-10 15:20:01.821734,N/A,N/A,UDP,1292
1455,2025-04-10 15:20:01.821754,N/A,N/A,UDP,1292
1456,2025-04-10 15:20:01.821771,N/A,N/A,UDP,1292
1457,2025-04-10 15:20:01.823506,N/A,N/A,UDP,1292
1458,2025-04-10 15:20:01.823621,N/A,N/A,UDP,606
1459,2025-04-10 15:20:01.830457,N/A,N/A,UDP,182
1460,2025-04-10 15:20:01.831789,N/A,N/A,UDP,91
1461,2025-04-10 15:20:01.832122,N/A,N/A,UDP,94
1462,2025-04-10 15:20:01.834546,N/A,N/A,UDP,87
1463,2025-04-10 15:20:01.834546,N/A,N/A,UDP,87
1464,2025-04-10 15:20:01.834546,N/A,N/A,UDP,87
1465,2025-04-10 15:20:01.834546,N/A,N/A,UDP,87
1466,2025-04-10 15:20:01.834546,N/A,N/A,UDP,87
1467,2025-04-10 15:20:01.846022,N/A,N/A,,142
1468,2025-04-10 15:20:01.862163,192.168.29.73,192.168.29.255,UDP,92
1469,2025-04-10 15:20:01.891146,13.89.178.26,192.168.29.73,TCP,1514
1470,2025-04-10 15:20:01.891146,13.89.178.26,192.168.29.73,TCP,1514
1471,2025-04-10 15:20:01.891146,13.89.178.26,192.168.29.73,TCP,1514
1472,2025-04-10 15:20:01.891146,13.89.178.26,192.168.29.73,TCP,1514
1473,2025-04-10 15:20:01.891146,13.89.178.26,192.168.29.73,TCP,533
1474,2025-04-10 15:20:01.891214,192.168.29.73,13.89.178.26,TCP,54
1475,2025-04-10 15:20:01.914392,192.168.29.73,13.89.178.26,TCP,212
1476,2025-04-10 15:20:02.043733,N/A,N/A,UDP,91
1477,2025-04-10 15:20:02.077997,N/A,N/A,UDP,86
1478,2025-04-10 15:20:02.135789,N/A,N/A,UDP,554
1479,2025-04-10 15:20:02.142444,N/A,N/A,UDP,263
1480,2025-04-10 15:20:02.142753,N/A,N/A,UDP,97
1481,2025-04-10 15:20:02.171376,13.89.178.26,192.168.29.73,TCP,105
1482,2025-04-10 15:20:02.171426,192.168.29.73,13.89.178.26,TCP,54
1483,2025-04-10 15:20:02.175008,192.168.29.73,13.89.178.26,TCP,1214
1484,2025-04-10 15:20:02.175127,192.168.29.73,13.89.178.26,TCP,1494
1485,2025-04-10 15:20:02.175127,192.168.29.73,13.89.178.26,TCP,692
1486,2025-04-10 15:20:02.182582,N/A,N/A,UDP,86
1487,2025-04-10 15:20:02.422639,13.89.178.26,192.168.29.73,TCP,54
1488,2025-04-10 15:20:02.549667,13.89.178.26,192.168.29.73,TCP,506
1489,2025-04-10 15:20:02.549716,192.168.29.73,13.89.178.26,TCP,54
1490,2025-04-10 15:20:02.613750,192.168.29.73,192.168.29.255,UDP,92
1491,2025-04-10 15:20:02.655346,192.168.29.73,13.89.178.26,TCP,54
1492,2025-04-10 15:20:02.778702,N/A,N/A,,86
1493,2025-04-10 15:20:02.780799,N/A,N/A,,78
1494,2025-04-10 15:20:03.477698,N/A,N/A,TCP,86
1495,2025-04-10 15:20:03.482121,N/A,N/A,TCP,86
1496,2025-04-10 15:20:03.482182,N/A,N/A,TCP,74
1497,2025-04-10 15:20:03.482676,N/A,N/A,TCP,1418
1498,2025-04-10 15:20:03.482676,N/A,N/A,TCP,878
1499,2025-04-10 15:20:03.487801,N/A,N/A,TCP,344
1500,2025-04-10 15:20:03.488269,N/A,N/A,TCP,154
1501,2025-04-10 15:20:03.488513,N/A,N/A,TCP,883
1502,2025-04-10 15:20:03.495318,N/A,N/A,TCP,74
1503,2025-04-10 15:20:03.495318,N/A,N/A,TCP,74
1504,2025-04-10 15:20:03.495318,N/A,N/A,TCP,377
1505,2025-04-10 15:20:03.519397,N/A,N/A,TCP,1514
1506,2025-04-10 15:20:03.519397,N/A,N/A,TCP,1514
1507,2025-04-10 15:20:03.519397,N/A,N/A,TCP,1514
1508,2025-04-10 15:20:03.519397,N/A,N/A,TCP,1514
1509,2025-04-10 15:20:03.519397,N/A,N/A,TCP,1514
1510,2025-04-10 15:20:03.519397,N/A,N/A,TCP,1514
1511,2025-04-10 15:20:03.519397,N/A,N/A,TCP,5834
1512,2025-04-10 15:20:03.519457,N/A,N/A,TCP,74
1513,2025-04-10 15:20:03.522094,N/A,N/A,TCP,1514
1514,2025-04-10 15:20:03.522094,N/A,N/A,TCP,640
1515,2025-04-10 15:20:03.522094,N/A,N/A,TCP,15914
1516,2025-04-10 15:20:03.522094,N/A,N/A,TCP,640
1517,2025-04-10 15:20:03.522094,N/A,N/A,TCP,8714
1518,2025-04-10 15:20:03.522164,N/A,N/A,TCP,74
1519,2025-04-10 15:20:03.522239,N/A,N/A,TCP,10154
1520,2025-04-10 15:20:03.522239,N/A,N/A,TCP,1032
1521,2025-04-10 15:20:03.522256,N/A,N/A,TCP,74
1522,2025-04-10 15:20:03.526373,N/A,N/A,TCP,1514
1523,2025-04-10 15:20:03.526373,N/A,N/A,TCP,1514
1524,2025-04-10 15:20:03.526373,N/A,N/A,TCP,1514
1525,2025-04-10 15:20:03.526373,N/A,N/A,TCP,1514
1526,2025-04-10 15:20:03.526373,N/A,N/A,TCP,18794
1527,2025-04-10 15:20:03.526428,N/A,N/A,TCP,74
1528,2025-04-10 15:20:03.529001,N/A,N/A,TCP,1514
1529,2025-04-10 15:20:03.529001,N/A,N/A,TCP,1514
1530,2025-04-10 15:20:03.529001,N/A,N/A,TCP,1514
1531,2025-04-10 15:20:03.529001,N/A,N/A,TCP,1514
1532,2025-04-10 15:20:03.529001,N/A,N/A,TCP,1514
1533,2025-04-10 15:20:03.529001,N/A,N/A,TCP,10154
1534,2025-04-10 15:20:03.529065,N/A,N/A,TCP,74
1535,2025-04-10 15:20:03.529134,N/A,N/A,TCP,1514
1536,2025-04-10 15:20:03.529134,N/A,N/A,TCP,1514
1537,2025-04-10 15:20:03.529134,N/A,N/A,TCP,1514
1538,2025-04-10 15:20:03.529134,N/A,N/A,TCP,1514
1539,2025-04-10 15:20:03.529134,N/A,N/A,TCP,1514
1540,2025-04-10 15:20:03.529134,N/A,N/A,TCP,1514
1541,2025-04-10 15:20:03.529134,N/A,N/A,TCP,1514
1542,2025-04-10 15:20:03.529134,N/A,N/A,TCP,1514
1543,2025-04-10 15:20:03.529172,N/A,N/A,TCP,74
1544,2025-04-10 15:20:03.529208,N/A,N/A,TCP,1514
1545,2025-04-10 15:20:03.529208,N/A,N/A,TCP,1514
1546,2025-04-10 15:20:03.529208,N/A,N/A,TCP,1514
1547,2025-04-10 15:20:03.529208,N/A,N/A,TCP,1514
1548,2025-04-10 15:20:03.529227,N/A,N/A,TCP,74
1549,2025-04-10 15:20:03.529249,N/A,N/A,TCP,1514
1550,2025-04-10 15:20:03.529249,N/A,N/A,TCP,1514
1551,2025-04-10 15:20:03.529259,N/A,N/A,TCP,74
1552,2025-04-10 15:20:03.529411,N/A,N/A,TCP,1514
1553,2025-04-10 15:20:03.529411,N/A,N/A,TCP,1514
1554,2025-04-10 15:20:03.529411,N/A,N/A,TCP,1514
1555,2025-04-10 15:20:03.529450,N/A,N/A,TCP,74
1556,2025-04-10 15:20:03.529488,N/A,N/A,TCP,2954
1557,2025-04-10 15:20:03.529509,N/A,N/A,TCP,74
1558,2025-04-10 15:20:03.529531,N/A,N/A,TCP,2954
1559,2025-04-10 15:20:03.529540,N/A,N/A,TCP,74
1560,2025-04-10 15:20:03.529579,N/A,N/A,TCP,2954
1561,2025-04-10 15:20:03.529591,N/A,N/A,TCP,74
1562,2025-04-10 15:20:03.529628,N/A,N/A,TCP,2954
1563,2025-04-10 15:20:03.529638,N/A,N/A,TCP,74
1564,2025-04-10 15:20:03.529790,N/A,N/A,TCP,5834
1565,2025-04-10 15:20:03.529818,N/A,N/A,TCP,74
1566,2025-04-10 15:20:03.529862,N/A,N/A,TCP,2954
1567,2025-04-10 15:20:03.529874,N/A,N/A,TCP,74
1568,2025-04-10 15:20:03.529938,N/A,N/A,TCP,4394
1569,2025-04-10 15:20:03.529950,N/A,N/A,TCP,74
1570,2025-04-10 15:20:03.531009,N/A,N/A,TCP,1514
1571,2025-04-10 15:20:03.531009,N/A,N/A,TCP,1514
1572,2025-04-10 15:20:03.531055,N/A,N/A,TCP,74
1573,2025-04-10 15:20:03.531123,N/A,N/A,TCP,1514
1574,2025-04-10 15:20:03.531123,N/A,N/A,TCP,1514
1575,2025-04-10 15:20:03.531123,N/A,N/A,TCP,1514
1576,2025-04-10 15:20:03.531123,N/A,N/A,TCP,1514
1577,2025-04-10 15:20:03.531150,N/A,N/A,TCP,74
1578,2025-04-10 15:20:03.531181,N/A,N/A,TCP,1514
1579,2025-04-10 15:20:03.531181,N/A,N/A,TCP,1514
1580,2025-04-10 15:20:03.531200,N/A,N/A,TCP,74
1581,2025-04-10 15:20:03.531223,N/A,N/A,TCP,1514
1582,2025-04-10 15:20:03.531223,N/A,N/A,TCP,1514
1583,2025-04-10 15:20:03.531238,N/A,N/A,TCP,74
1584,2025-04-10 15:20:03.531340,N/A,N/A,TCP,1514
1585,2025-04-10 15:20:03.531340,N/A,N/A,TCP,1514
1586,2025-04-10 15:20:03.531365,N/A,N/A,TCP,74
1587,2025-04-10 15:20:03.531406,N/A,N/A,TCP,1514
1588,2025-04-10 15:20:03.531406,N/A,N/A,TCP,1514
1589,2025-04-10 15:20:03.531419,N/A,N/A,TCP,74
1590,2025-04-10 15:20:03.531440,N/A,N/A,TCP,1514
1591,2025-04-10 15:20:03.531440,N/A,N/A,TCP,1514
1592,2025-04-10 15:20:03.531451,N/A,N/A,TCP,74
1593,2025-04-10 15:20:03.531517,N/A,N/A,TCP,1514
1594,2025-04-10 15:20:03.531517,N/A,N/A,TCP,1514
1595,2025-04-10 15:20:03.531533,N/A,N/A,TCP,74
1596,2025-04-10 15:20:03.531587,N/A,N/A,TCP,1514
1597,2025-04-10 15:20:03.531587,N/A,N/A,TCP,1514
1598,2025-04-10 15:20:03.531602,N/A,N/A,TCP,74
1599,2025-04-10 15:20:03.531798,N/A,N/A,TCP,1514
1600,2025-04-10 15:20:03.531798,N/A,N/A,TCP,1514
1601,2025-04-10 15:20:03.531824,N/A,N/A,TCP,74
1602,2025-04-10 15:20:03.532875,N/A,N/A,TCP,1514
1603,2025-04-10 15:20:03.532875,N/A,N/A,TCP,1514
1604,2025-04-10 15:20:03.532902,N/A,N/A,TCP,74
1605,2025-04-10 15:20:03.532951,N/A,N/A,TCP,1514
1606,2025-04-10 15:20:03.532951,N/A,N/A,TCP,1514
1607,2025-04-10 15:20:03.532951,N/A,N/A,TCP,1514
1608,2025-04-10 15:20:03.532951,N/A,N/A,TCP,1514
1609,2025-04-10 15:20:03.532972,N/A,N/A,TCP,74
1610,2025-04-10 15:20:03.533018,N/A,N/A,TCP,1514
1611,2025-04-10 15:20:03.533018,N/A,N/A,TCP,1514
1612,2025-04-10 15:20:03.533039,N/A,N/A,TCP,74
1613,2025-04-10 15:20:03.533065,N/A,N/A,TCP,1514
1614,2025-04-10 15:20:03.533065,N/A,N/A,TCP,1514
1615,2025-04-10 15:20:03.533077,N/A,N/A,TCP,74
1616,2025-04-10 15:20:03.533147,N/A,N/A,TCP,1514
1617,2025-04-10 15:20:03.533147,N/A,N/A,TCP,1514
1618,2025-04-10 15:20:03.533169,N/A,N/A,TCP,74
1619,2025-04-10 15:20:03.533217,N/A,N/A,TCP,1514
1620,2025-04-10 15:20:03.533217,N/A,N/A,TCP,1514
1621,2025-04-10 15:20:03.533238,N/A,N/A,TCP,74
1622,2025-04-10 15:20:03.533407,N/A,N/A,TCP,1514
1623,2025-04-10 15:20:03.533407,N/A,N/A,TCP,1514
1624,2025-04-10 15:20:03.533407,N/A,N/A,TCP,1514
1625,2025-04-10 15:20:03.533435,N/A,N/A,TCP,74
1626,2025-04-10 15:20:03.533474,N/A,N/A,TCP,5834
1627,2025-04-10 15:20:03.533489,N/A,N/A,TCP,74
1628,2025-04-10 15:20:03.533832,N/A,N/A,TCP,2954
1629,2025-04-10 15:20:03.533832,N/A,N/A,TCP,618
1630,2025-04-10 15:20:03.533860,N/A,N/A,TCP,74
1631,2025-04-10 15:20:03.536767,N/A,N/A,TCP,1514
1632,2025-04-10 15:20:03.536767,N/A,N/A,TCP,1514
1633,2025-04-10 15:20:03.536767,N/A,N/A,TCP,1514
1634,2025-04-10 15:20:03.536805,N/A,N/A,TCP,74
1635,2025-04-10 15:20:03.536871,N/A,N/A,TCP,1514
1636,2025-04-10 15:20:03.536871,N/A,N/A,TCP,1514
1637,2025-04-10 15:20:03.536871,N/A,N/A,TCP,1514
1638,2025-04-10 15:20:03.536871,N/A,N/A,TCP,1514
1639,2025-04-10 15:20:03.536893,N/A,N/A,TCP,74
1640,2025-04-10 15:20:03.536921,N/A,N/A,TCP,1514
1641,2025-04-10 15:20:03.536933,N/A,N/A,TCP,74
1642,2025-04-10 15:20:03.544636,N/A,N/A,TCP,15914
1643,2025-04-10 15:20:03.544636,N/A,N/A,TCP,1435
1644,2025-04-10 15:20:03.544688,N/A,N/A,TCP,74
1645,2025-04-10 15:20:03.544748,N/A,N/A,TCP,1514
1646,2025-04-10 15:20:03.544748,N/A,N/A,TCP,1514
1647,2025-04-10 15:20:03.544748,N/A,N/A,TCP,1514
1648,2025-04-10 15:20:03.544748,N/A,N/A,TCP,4394
1649,2025-04-10 15:20:03.544748,N/A,N/A,TCP,153
1650,2025-04-10 15:20:03.544748,N/A,N/A,TCP,13034
1651,2025-04-10 15:20:03.544781,N/A,N/A,TCP,74
1652,2025-04-10 15:20:03.545093,N/A,N/A,TCP,11594
1653,2025-04-10 15:20:03.545122,N/A,N/A,TCP,74
1654,2025-04-10 15:20:03.545198,N/A,N/A,TCP,1514
1655,2025-04-10 15:20:03.545198,N/A,N/A,TCP,1514
1656,2025-04-10 15:20:03.545198,N/A,N/A,TCP,1514
1657,2025-04-10 15:20:03.545228,N/A,N/A,TCP,74
1658,2025-04-10 15:20:03.545260,N/A,N/A,TCP,1514
1659,2025-04-10 15:20:03.545260,N/A,N/A,TCP,1514
1660,2025-04-10 15:20:03.545274,N/A,N/A,TCP,74
1661,2025-04-10 15:20:03.545386,N/A,N/A,TCP,1514
1662,2025-04-10 15:20:03.545386,N/A,N/A,TCP,1514
1663,2025-04-10 15:20:03.545386,N/A,N/A,TCP,1514
1664,2025-04-10 15:20:03.545386,N/A,N/A,TCP,2954
1665,2025-04-10 15:20:03.545418,N/A,N/A,TCP,74
1666,2025-04-10 15:20:03.545461,N/A,N/A,TCP,2954
1667,2025-04-10 15:20:03.545472,N/A,N/A,TCP,74
1668,2025-04-10 15:20:03.545517,N/A,N/A,TCP,5834
1669,2025-04-10 15:20:03.545538,N/A,N/A,TCP,74
1670,2025-04-10 15:20:03.545605,N/A,N/A,TCP,2954
1671,2025-04-10 15:20:03.545619,N/A,N/A,TCP,74
1672,2025-04-10 15:20:03.553635,N/A,N/A,TCP,4394
1673,2025-04-10 15:20:03.553635,N/A,N/A,TCP,1435
1674,2025-04-10 15:20:03.553689,N/A,N/A,TCP,74
1675,2025-04-10 15:20:03.553773,N/A,N/A,TCP,1514
1676,2025-04-10 15:20:03.553773,N/A,N/A,TCP,1514
1677,2025-04-10 15:20:03.553773,N/A,N/A,TCP,1514
1678,2025-04-10 15:20:03.553773,N/A,N/A,TCP,1514
1679,2025-04-10 15:20:03.553773,N/A,N/A,TCP,1514
1680,2025-04-10 15:20:03.553773,N/A,N/A,TCP,1514
1681,2025-04-10 15:20:03.553773,N/A,N/A,TCP,1514
1682,2025-04-10 15:20:03.553773,N/A,N/A,TCP,1514
1683,2025-04-10 15:20:03.553773,N/A,N/A,TCP,11594
1684,2025-04-10 15:20:03.553773,N/A,N/A,TCP,945
1685,2025-04-10 15:20:03.553824,N/A,N/A,TCP,74
1686,2025-04-10 15:20:07.343624,192.168.29.1,224.0.0.1,,50
1687,2025-04-10 15:20:07.433720,192.168.29.73,148.113.20.116,TCP,55
1688,2025-04-10 15:20:07.477509,148.113.20.116,192.168.29.73,TCP,66
1689,2025-04-10 15:20:08.769371,192.168.29.73,224.0.0.22,,54
1690,2025-04-10 15:20:09.014455,N/A,N/A,TCP,74
1691,2025-04-10 15:20:09.028113,N/A,N/A,TCP,74
1692,2025-04-10 15:20:09.028113,N/A,N/A,TCP,98
1693,2025-04-10 15:20:09.028149,N/A,N/A,TCP,74
1694,2025-04-10 15:20:09.028207,N/A,N/A,TCP,74
1695,2025-04-10 15:20:10.204007,35.174.127.31,192.168.29.73,TCP,78
1696,2025-04-10 15:20:10.204282,192.168.29.73,35.174.127.31,TCP,82
1697,2025-04-10 15:20:10.278804,192.168.29.73,224.0.0.22,,54
1698,2025-04-10 15:20:10.556390,35.174.127.31,192.168.29.73,TCP,54
